combination_id,test_r2,test_mae,test_rmse,val_r2,best_epoch,total_epochs,final_train_loss,final_val_loss,train_val_gap,overfitting_ratio,best_epoch_gap,best_epoch_overfitting_ratio,val_r2_trend,hidden_dim,num_layers,dropout,latent_dim,learning_rate,batch_size,beta_kl,gamma_score,weight_decay,use_layernorm,is_best
209,0.8987029143538852,2.423873165415865,3.2437627667281537,0.8970813537179617,50,50,0.7983922263878895,0.8039437316848547,-0.005551505296965131,-0.00690534060801822,-0.005551505296965131,-0.00690534060801822,0.01869952062366853,256,3,0.1,64,0.001,1024,1.0,1.0,0.0001,True,True
243,0.8970644131077546,2.443230670586642,3.269891795751041,0.8965401924981461,50,50,0.8017548860629925,0.7947037092678035,0.0070511767951889626,0.008872711569051981,0.0070511767951889626,0.008872711569051981,0.017947257094051094,256,3,0.2,64,0.001,1024,1.0,1.0,0.01,True,False
211,0.894986332899926,2.4643891978225234,3.3027334220874205,0.8945300013984646,50,50,0.7992520688871346,0.8123537020396719,-0.013101633152537318,-0.01612799094734413,-0.013101633152537318,-0.01612799094734413,0.01854959639106668,256,3,0.1,64,0.001,1024,1.0,1.0,0.01,True,False
241,0.8968965086513324,2.4598761456703566,3.272557568176047,0.8943551761181497,50,50,0.8021105324591029,0.8139896419596455,-0.011879109500542606,-0.014593686317609834,-0.011879109500542606,-0.014593686317609834,0.014479095383024276,256,3,0.2,64,0.001,1024,1.0,1.0,0.0001,True,False
151,0.8667593361938232,2.805711566951257,3.7202232530226067,0.8658879799096315,49,50,1.7215211781128479,1.7247951945085611,-0.0032740163957132307,-0.0018982058891033047,-0.018419456461347572,-0.01054951191044638,0.010903908892686887,256,2,0.1,64,0.001,1024,2.0,1.0,0.01,True,False
249,0.8645972030378019,2.799522293846335,3.7502863299204434,0.8621452664607058,50,50,0.892701675674761,0.8654117547940908,0.02728992088067017,0.03153403074258371,0.02728992088067017,0.03153403074258371,0.018068067998177062,256,3,0.2,64,0.001,2048,1.0,1.0,0.0001,True,False
152,0.8605352265588051,2.8707003538831453,3.8061234641107506,0.8598936630576496,50,50,1.8217333638175692,1.8308917115969228,-0.009158347779353537,-0.005002124222500047,-0.009158347779353537,-0.005002124222500047,0.01697071320792498,256,2,0.1,64,0.001,1024,2.0,1.0,0.01,False,False
150,0.8610785975731091,2.863752078233368,3.7987016776773324,0.8598835689112866,50,50,1.8143032309465885,1.8177689969264736,-0.003465765979885127,-0.0019066041866403955,-0.003465765979885127,-0.0019066041866403955,0.01620936287384811,256,2,0.1,64,0.001,1024,2.0,1.0,0.0001,False,False
183,0.8605717979658198,2.8751714753167126,3.8056243975246096,0.8596043192867036,50,50,1.7238599290327228,1.7252116340627877,-0.0013517050300648759,-0.0007835009939514944,-0.0013517050300648759,-0.0007835009939514944,0.015651380988889296,256,2,0.2,64,0.001,1024,2.0,1.0,0.01,True,False
181,0.8596225288478008,2.8683757416803393,3.8185573395483123,0.859416160592313,49,50,1.6819399159084982,1.683132572783864,-0.0011926568753657385,-0.000708593544353497,0.008202249949829099,0.004877683765929406,0.021992519741970806,256,2,0.2,64,0.001,1024,2.0,1.0,0.0001,True,False
87,0.858375699634154,2.8501728561220787,3.8354780160951663,0.8579969174432928,50,50,2.1993745313332327,2.185921276640342,0.013453254692890493,0.006154501004522683,0.013453254692890493,0.006154501004522683,0.010116881783227227,128,3,0.1,64,0.001,1024,2.0,1.0,0.01,True,False
85,0.8566859280548679,2.850167310122268,3.8582914180387413,0.8567737794446204,50,50,2.2047693934428465,2.196167183955344,0.008602209487502677,0.003916919235633926,0.008602209487502677,0.003916919235633926,0.011050354425380271,128,3,0.1,64,0.001,1024,2.0,1.0,0.0001,True,False
148,0.8572218414358385,2.890372280903994,3.8510707501414037,0.8563265869890857,50,50,0.8654278745309799,0.856622570044173,0.008805304486806942,0.010279094661669822,0.008805304486806942,0.010279094661669822,0.01811295777519062,256,2,0.1,64,0.001,1024,1.0,1.0,0.01,False,False
245,0.8563638155839041,2.8079710147336914,3.8626249291108095,0.8558214270223351,50,50,1.8603018037395742,1.8495550083264365,0.010746795413137722,0.005810476230637727,0.010746795413137722,0.005810476230637727,0.001971370747950729,256,3,0.2,64,0.001,1024,2.0,1.0,0.0001,True,False
219,0.8573659207383901,2.872018471261689,3.849127176828009,0.8556511428155449,50,50,0.8790263841315159,0.8594009274473396,0.019625456684176257,0.022836206079587713,0.019625456684176257,0.022836206079587713,0.017977294674422883,256,3,0.1,64,0.001,2048,1.0,1.0,0.01,True,False
177,0.8555107314418857,2.9239559679501963,3.8740784007127957,0.8546052107324783,50,50,0.8469092826686017,0.8378268688496471,0.009082413818954582,0.010840442287826024,0.009082413818954582,0.010840442287826024,0.015158285843895558,256,2,0.2,64,0.001,1024,1.0,1.0,0.0001,True,False
119,0.8543337778998785,2.8889460785204615,3.8898247698455455,0.8540101875160795,50,50,2.2169753996078327,2.1991004775438503,0.017874922063982446,0.0081282880189025,0.017874922063982446,0.0081282880189025,0.010247695872174112,128,3,0.2,64,0.001,1024,2.0,1.0,0.01,True,False
179,0.8530189740930463,2.9561420074777467,3.9073403867428196,0.8536502108334552,50,50,0.8457094895813991,0.835607793156206,0.010101696425193096,0.012089040466027242,0.010101696425193096,0.012089040466027242,0.01642451711924464,256,2,0.2,64,0.001,1024,1.0,1.0,0.01,True,False
217,0.8555365439441931,2.8847744071734227,3.8737323399803913,0.8532181574390016,50,50,0.8836816399104015,0.8692337703371614,0.014447869573240069,0.016621385484869022,0.014447869573240069,0.016621385484869022,0.01585536983892155,256,3,0.1,64,0.001,2048,1.0,1.0,0.0001,True,False
117,0.8541414312014468,2.8969738900980357,3.892392105338209,0.8525578699993334,50,50,2.2138463195111515,2.198868558051951,0.0149777614592006,0.006811576528462386,0.0149777614592006,0.006811576528462386,0.011072674343572175,128,3,0.2,64,0.001,1024,2.0,1.0,0.0001,True,False
145,0.8494212136217746,2.9873309400072467,3.9548726677219106,0.8485654298393097,50,50,0.86611240308498,0.8495312749431485,0.016581128141831547,0.01951797259370018,0.016581128141831547,0.01951797259370018,0.017255259213682983,256,2,0.1,64,0.001,1024,1.0,1.0,0.0001,True,False
149,0.8477609246707941,2.9840895974019377,3.976616203970061,0.8475738032689109,50,50,1.652384245876283,1.6443110296894503,0.008073216186832655,0.0049097865556234745,0.008073216186832655,0.0049097865556234745,0.031172758673928325,256,2,0.1,64,0.001,1024,2.0,1.0,0.0001,True,False
146,0.8487074662714793,2.9965198344793844,3.9642346862605553,0.8466536662466844,50,50,0.8540063860250613,0.8578374618954129,-0.0038310758703515857,-0.004465969417897337,-0.0038310758703515857,-0.004465969417897337,0.017058902015395505,256,2,0.1,64,0.001,1024,1.0,1.0,0.0001,False,False
147,0.8470131862706266,2.998305157454928,3.9863700284865824,0.8461203500567487,50,50,0.8546073874778708,0.8509134768773258,0.003693910600545025,0.004341111876733817,0.003693910600545025,0.004341111876733817,0.01752303393857768,256,2,0.1,64,0.001,1024,1.0,1.0,0.01,True,False
86,0.8451943084666415,2.9922991863314348,4.009997215021169,0.8444691499697417,50,50,2.1125150362952114,2.1018433856830825,0.010671650612128936,0.005077281535256126,0.010671650612128936,0.005077281535256126,0.013798534659071104,128,3,0.1,64,0.001,1024,2.0,1.0,0.0001,False,False
242,0.8462732528301701,3.0064971790350756,3.995998605166681,0.8440979979280314,50,50,0.8704165890712128,0.8671638589335188,0.0032527301376940043,0.0037509982734916713,0.0032527301376940043,0.0037509982734916713,0.022581260582650975,256,3,0.2,64,0.001,1024,1.0,1.0,0.0001,False,False
88,0.8442466942390353,3.0107392922607272,4.022251716017527,0.8435314139398173,50,50,2.1106613550528603,2.1028227771769696,0.007838577875890707,0.0037276455063008033,0.007838577875890707,0.0037276455063008033,0.012489010395580147,128,3,0.1,64,0.001,1024,2.0,1.0,0.01,False,False
244,0.8453452556351976,3.0209182750044334,4.008041714082578,0.8433347473078485,50,50,0.8727452406486612,0.854526838614839,0.01821840203382219,0.021319871080180047,0.01821840203382219,0.021319871080180047,0.020874447604484092,256,3,0.2,64,0.001,1024,1.0,1.0,0.01,False,False
178,0.8454691673496918,3.009278322346656,4.006435740589819,0.8428565093593501,50,50,0.857905694424267,0.8550896186348778,0.0028160757893892496,0.0032933106986902977,0.0028160757893892496,0.0032933106986902977,0.0164501368431349,256,2,0.2,64,0.001,1024,1.0,1.0,0.0001,False,False
180,0.8452931405786821,3.015733299436934,4.008716965680575,0.8428468488131684,50,50,0.8614915464671087,0.85710776848863,0.004383777978478665,0.005114617017424475,0.004383777978478665,0.005114617017424475,0.017607767657368156,256,2,0.2,64,0.001,1024,1.0,1.0,0.01,False,False
118,0.8404270975915158,3.033325861620931,4.071272589606224,0.8405931227955524,50,50,2.2312202461560484,2.2164058843915235,0.014814361764524886,0.006683957062581034,0.014814361764524886,0.006683957062581034,0.01192148351524136,128,3,0.2,64,0.001,1024,2.0,1.0,0.0001,False,False
215,0.8388009387560766,2.968598383551022,4.091964556183403,0.8401345983095576,49,50,1.8521209304311232,1.8423503453343335,0.009770585096789741,0.005303326330702135,0.002740947892376333,0.001479042804047487,0.0015040815177600475,256,3,0.1,64,0.001,1024,2.0,1.0,0.01,True,False
246,0.8383956994872496,3.0744681815215036,4.09710473462082,0.8386026963684649,50,50,1.8987078078535702,1.8820584533666083,0.01664935448696192,0.00884635355356775,0.01664935448696192,0.00884635355356775,0.014726146756294134,256,3,0.2,64,0.001,1024,2.0,1.0,0.0001,False,False
120,0.84044710589731,3.0410172785884475,4.0710173400640075,0.8383234742925463,49,50,2.224809640516089,2.2137352162220525,0.0110744242940366,0.005002596612677169,0.017025495639966248,0.007703565391365096,0.00979777253700631,128,3,0.2,64,0.001,1024,2.0,1.0,0.01,False,False
212,0.8387918156826918,3.052219891344757,4.092080347070985,0.8378627696468378,50,50,0.8658800079042457,0.8628446493975188,0.0030353585067268707,0.0035178505294624117,0.0030353585067268707,0.0035178505294624117,0.039510142109323576,256,3,0.1,64,0.001,1024,1.0,1.0,0.01,False,False
83,0.8376263577815026,3.07462640293393,4.1068455984399215,0.8368124528713033,50,50,0.8951211584736746,0.8700903079244826,0.025030850549191963,0.028768106392198147,0.025030850549191963,0.028768106392198147,0.01271498414497596,128,3,0.1,64,0.001,1024,1.0,1.0,0.01,True,False
81,0.8365858746145132,3.092560953302158,4.119982829447239,0.8368102930845142,50,50,0.8949140199757631,0.865575780062139,0.029338239913624165,0.033894478784420236,0.029338239913624165,0.033894478784420236,0.014645728400204616,128,3,0.1,64,0.001,1024,1.0,1.0,0.0001,True,False
251,0.8364072765819575,3.0837041412707675,4.122233613728684,0.8361364856886152,42,50,0.9688944518881646,0.8954398019575389,0.07345464993062567,0.08203192416737003,0.07590237461790394,0.08369761025572633,0.0006405818270718289,256,3,0.2,64,0.001,2048,1.0,1.0,0.01,True,False
22,0.8362161419543686,3.07244336492256,4.1246410300458285,0.8353790638902365,50,50,2.2319581865369242,2.237394595062874,-0.005436408525949954,-0.002429794251736441,-0.005436408525949954,-0.002429794251736441,0.009740875962765738,128,2,0.1,64,0.001,1024,2.0,1.0,0.0001,False,False
253,0.834293721932415,3.0559082293868847,4.148776987490805,0.8341704713261733,50,50,1.9314392060719834,1.9076143708952151,0.023824835176768255,0.012489335129923358,0.023824835176768255,0.012489335129923358,0.005061419383600718,256,3,0.2,64,0.001,2048,2.0,1.0,0.0001,True,False
24,0.8340697646470018,3.0975684717211087,4.15157964262007,0.8328943142605209,50,50,2.239496665141316,2.2347469558822453,0.004749709259070922,0.0021253901908530877,0.004749709259070922,0.0021253901908530877,0.00859013258251029,128,2,0.1,64,0.001,1024,2.0,1.0,0.01,False,False
190,0.8335779071661403,3.1125200052294772,4.157728234236883,0.8318392606191126,50,50,2.0038780172559703,1.9895912686167356,0.014286748639234625,0.007180745545373998,0.014286748639234625,0.007180745545373998,0.016935071059285156,256,2,0.2,64,0.001,2048,2.0,1.0,0.0001,False,False
189,0.8318490861144325,3.135240453752333,4.179268033588799,0.8315090373365811,50,50,1.799713893661418,1.7802658916336103,0.01944800202780783,0.01092421200630987,0.01944800202780783,0.01092421200630987,0.014191173570595628,256,2,0.2,64,0.001,2048,2.0,1.0,0.0001,True,False
214,0.8312970216787725,3.144843586345836,4.186122990712394,0.8314958310638776,50,50,1.7997149593808792,1.798513249747825,0.0012017096330543264,0.0006681683513995917,0.0012017096330543264,0.0006681683513995917,0.011127083965592366,256,3,0.1,64,0.001,1024,2.0,1.0,0.0001,False,False
93,0.8322442288974329,3.0968431723167242,4.174354652870416,0.8305654873079042,50,50,2.2793087004492296,2.2656425259748096,0.013666174474419979,0.006031920004035061,0.013666174474419979,0.006031920004035061,0.009458233712611896,128,3,0.1,64,0.001,2048,2.0,1.0,0.0001,True,False
213,0.8291566976432081,3.058347525600018,4.2125938358994075,0.8305058192339503,47,50,1.8505230169253146,1.8496616759123625,0.0008613410129520993,0.0004656748983714738,0.009936226880030263,0.005372472342649181,0.0020526664352925605,256,3,0.1,64,0.001,1024,2.0,1.0,0.0001,True,False
255,0.8297998200805569,3.1096491726336497,4.204657416886415,0.8296826124546244,49,50,1.9323391694944911,1.9092102796193355,0.0231288898751556,0.012114375311119273,0.026185525560123324,0.013705927248291436,0.003189709689668807,256,3,0.2,64,0.001,2048,2.0,1.0,0.01,True,False
95,0.8313684781668707,3.100728404309504,4.18523635156691,0.8293014011543922,50,50,2.2841108781110337,2.2653856622014823,0.01872521590955145,0.008265796072600922,0.01872521590955145,0.008265796072600922,0.010438605242259702,128,3,0.1,64,0.001,2048,2.0,1.0,0.01,True,False
223,0.8290214057040879,3.112920394411352,4.214261496242976,0.8287309087805955,50,50,1.9392806448499966,1.9234511655631554,0.015829479286841197,0.008229727674009639,0.015829479286841197,0.008229727674009639,0.008739601383944695,256,3,0.1,64,0.001,2048,2.0,1.0,0.01,True,False
125,0.8301314778855727,3.105138580717693,4.200558750659551,0.8282768371227285,50,50,2.292142766192842,2.269806554502411,0.022336211690431096,0.009840579430050884,0.022336211690431096,0.009840579430050884,0.00937627607807534,128,3,0.2,64,0.001,2048,2.0,1.0,0.0001,True,False
185,0.8294996351863253,3.1690374094668283,4.208363695584803,0.8277636035587754,50,50,1.0037351218778467,0.9109776580442006,0.09275746383364614,0.10182188664515585,0.09275746383364614,0.10182188664515585,0.01358062057001641,256,2,0.2,64,0.001,2048,1.0,1.0,0.0001,True,False
115,0.8300403016685829,3.1662103797938865,4.201685915577864,0.8275969608351023,50,50,0.9066715834061247,0.8800296951106676,0.026641888295457106,0.030273851488735015,0.026641888295457106,0.030273851488735015,0.01230769431694434,128,3,0.2,64,0.001,1024,1.0,1.0,0.01,True,False
153,0.8290529609995698,3.1720061803901562,4.213872592580596,0.8273888780923873,50,50,0.9278466150980514,0.9145115028437328,0.013335112254318604,0.014581677991859268,0.013335112254318604,0.014581677991859268,0.01265425701582712,256,2,0.1,64,0.001,2048,1.0,1.0,0.0001,True,False
127,0.8289580039124658,3.125956472797359,4.215042783997446,0.8273553330704676,50,50,2.2971289840193925,2.274203485639507,0.022925498379885667,0.01008067155144607,0.022925498379885667,0.01008067155144607,0.008773822928001773,128,3,0.2,64,0.001,2048,2.0,1.0,0.01,True,False
113,0.8285286461484356,3.171077373589934,4.220329868667818,0.8271315957817649,50,50,0.900641995209427,0.87440849249218,0.026233502717247004,0.030001427184768125,0.026233502717247004,0.030001427184768125,0.011355480462027723,128,3,0.2,64,0.001,1024,1.0,1.0,0.0001,True,False
159,0.8290899938940947,3.1651922157650385,4.213416134391509,0.827131505485371,50,50,1.812523896141303,1.8085689307692,0.003954965372103159,0.002186792720375373,0.003954965372103159,0.002186792720375373,0.015030662613768841,256,2,0.1,64,0.001,2048,2.0,1.0,0.01,True,False
187,0.826482843282592,3.200691351019518,4.245431328937497,0.82540912831952,50,50,0.9795077484522875,0.9025378659286339,0.07696988252365355,0.08528161025627236,0.07696988252365355,0.08528161025627236,0.013305932558860478,256,2,0.2,64,0.001,2048,1.0,1.0,0.01,True,False
21,0.8251008322178306,3.1939912766479757,4.262304578814186,0.8249349918666734,49,50,2.031192711160085,2.0234002317672504,0.0077924793928345615,0.00385118043899232,0.014908047717251183,0.007383599525489877,0.006681089706699894,128,2,0.1,64,0.001,1024,2.0,1.0,0.0001,True,False
23,0.8258971716372492,3.1900190789689984,4.252590085524441,0.8245516026497309,48,50,2.0453566310153346,2.031397602826378,0.013959028188956779,0.006871637620097087,0.01814348358610829,0.008920316831450819,0.006206228049531748,128,2,0.1,64,0.001,1024,2.0,1.0,0.01,True,False
157,0.8249956697630831,3.2066636326099243,4.263585794329137,0.8229297104092391,50,50,1.812484336511721,1.8013683851576618,0.011115951354059073,0.006170837373215122,0.011115951354059073,0.006170837373215122,0.010178408169000841,256,2,0.1,64,0.001,2048,2.0,1.0,0.0001,True,False
54,0.8213155780923791,3.2374085487258193,4.308181136584567,0.821176687427986,50,50,2.174533143670647,2.1616466494293,0.012886494241347357,0.005961424937211428,0.012886494241347357,0.005961424937211428,0.008405578453443585,128,2,0.2,64,0.001,1024,2.0,1.0,0.0001,False,False
221,0.8208147879572849,3.2327341800028018,4.314214077309718,0.8203532001643093,36,46,1.9935806694190472,1.9597652418575113,0.03381542756153588,0.017254835854464298,0.03074124044326898,0.015530180044979977,-0.00513242437177297,256,3,0.1,64,0.001,2048,2.0,1.0,0.0001,True,False
94,0.8219255803636035,3.2286538543269123,4.3008211020944085,0.8201632518186384,50,50,2.181743852997302,2.1608989544701194,0.020844898527182742,0.009646401320183054,0.020844898527182742,0.009646401320183054,0.013807996193962668,128,3,0.1,64,0.001,2048,2.0,1.0,0.0001,False,False
96,0.8206394238051975,3.2347829616934756,4.316324668549932,0.8187678469972857,50,50,2.188052174077046,2.1651263216406544,0.02292585243639156,0.010588690464498706,0.02292585243639156,0.010588690464498706,0.012847384567329256,128,3,0.1,64,0.001,2048,2.0,1.0,0.01,False,False
155,0.8189475158946866,3.281020265398445,4.336634824986282,0.818135783081427,50,50,0.8909554133245599,0.8713445871880969,0.019610826136462922,0.022506395775922273,0.019610826136462922,0.022506395775922273,0.008720427057298585,256,2,0.1,64,0.001,2048,1.0,1.0,0.01,True,False
222,0.8165160345129293,3.2878115799265446,4.365657570602224,0.8153579177002217,50,50,1.9074957079935424,1.891389793523286,0.016105914470256444,0.00851538615964206,0.016105914470256444,0.00851538615964206,0.012629000478532881,256,3,0.1,64,0.001,2048,2.0,1.0,0.0001,False,False
17,0.8145419802765591,3.3169921714427106,4.389079205450471,0.8139438740471587,50,50,0.924464896466506,0.8959944796245636,0.028470416841942403,0.03177521456814329,0.028470416841942403,0.03177521456814329,0.009156289625512182,128,2,0.1,64,0.001,1024,1.0,1.0,0.0001,True,False
82,0.8144622361616005,3.3085312018739943,4.390022722536761,0.8138358372256931,50,50,0.9077103945993887,0.8809051770317563,0.026805217567632433,0.03042917474722267,0.026805217567632433,0.03042917474722267,0.012214866602372032,128,3,0.1,64,0.001,1024,1.0,1.0,0.0001,False,False
154,0.8147445838544938,3.314579569387503,4.3866811259597185,0.8138034883294254,50,50,0.9164908356353059,0.8814050345634098,0.03508580107189607,0.03980667195675286,0.03508580107189607,0.03980667195675286,0.010502466845188518,256,2,0.1,64,0.001,2048,1.0,1.0,0.0001,False,False
247,0.8148285852489889,3.2004155959091203,4.385686474574505,0.8131337732902865,49,50,1.870429146324938,1.853304089393589,0.017125056931349025,0.009240284435433602,0.018175433395794416,0.009801302834481978,0.0030272020579722447,256,3,0.2,64,0.001,1024,2.0,1.0,0.01,True,False
61,0.8138980536022558,3.2751127411934933,4.396692238811182,0.8124596184855075,50,50,2.3143024637103977,2.2996027375733745,0.014699726137023195,0.006392289371048012,0.014699726137023195,0.006392289371048012,0.007960852868099222,128,2,0.2,64,0.001,2048,2.0,1.0,0.0001,True,False
31,0.8137971784200725,3.278817038697199,4.397883674618723,0.8119501676585552,50,50,2.310137461230288,2.2990821023123984,0.011055358917889446,0.00480859683382775,0.011055358917889446,0.00480859683382775,0.007961487774831744,128,2,0.1,64,0.001,2048,2.0,1.0,0.01,True,False
19,0.814390853658824,3.2995170290444276,4.390867134659315,0.8117729315398696,49,50,0.9272874100658299,0.9135988157083736,0.013688594357456285,0.014983156854075617,0.010492133046796415,0.011418919397223113,0.005853697422285031,128,2,0.1,64,0.001,1024,1.0,1.0,0.01,True,False
63,0.8128690413050451,3.2858249785687352,4.408830783629256,0.811722194870161,50,50,2.3157914828442436,2.2990312625543794,0.016760220289864236,0.007290122828187424,0.016760220289864236,0.007290122828187424,0.007075744734891698,128,2,0.2,64,0.001,2048,2.0,1.0,0.01,True,False
51,0.8128452350190687,3.3344661576697607,4.409111214374889,0.8113689661987521,48,50,0.9242338070211661,0.9121508752491656,0.012082931772000483,0.013246637261297234,0.07194305662630418,0.08025297372275013,0.007003743880055535,128,2,0.2,64,0.001,1024,1.0,1.0,0.01,True,False
218,0.8112858061579215,3.3230835622818056,4.427442118372284,0.8112690276305325,50,50,0.9143748889999792,0.8948815097848825,0.01949337921509675,0.02178319587783493,0.01949337921509675,0.02178319587783493,0.017778437612246067,256,3,0.1,64,0.001,2048,1.0,1.0,0.0001,False,False
49,0.8135744239016002,3.3184808341197334,4.400513483443786,0.8110938736917512,50,50,0.9267613340121305,0.8985949370746092,0.02816639693752121,0.03134493170996198,0.02816639693752121,0.03134493170996198,0.0076721139820133955,128,2,0.2,64,0.001,1024,1.0,1.0,0.0001,True,False
156,0.8114131350683941,3.33341140186316,4.425948228343725,0.8107652451921126,50,50,1.054551602581583,0.8908174203410172,0.1637341822405659,0.18380217820379646,0.1637341822405659,0.18380217820379646,0.011658615245488946,256,2,0.1,64,0.001,2048,1.0,1.0,0.01,False,False
84,0.8112204991680496,3.3254294242615834,4.428208138936532,0.8106016337838752,50,50,0.9135380368302486,0.8904151641597787,0.023122872670469863,0.025968642046083377,0.023122872670469863,0.025968642046083377,0.01241413171588468,128,3,0.1,64,0.001,1024,1.0,1.0,0.01,False,False
29,0.8123786336469923,3.3235151705077666,4.414604039151261,0.8105413991539118,48,50,2.215098382382842,2.1992010949159484,0.015897287466893673,0.00722866476542076,0.01982010698200476,0.008993175583922926,0.007414470014844854,128,2,0.1,64,0.001,2048,2.0,1.0,0.0001,True,False
220,0.8090220504914336,3.3466816060430693,4.453918052144729,0.808773344364511,50,50,0.9099010355664089,0.8903463005053256,0.019554735061083295,0.02196306656183644,0.019554735061083295,0.02196306656183644,0.017292566085240546,256,3,0.1,64,0.001,2048,1.0,1.0,0.01,False,False
128,0.8093395322371089,3.320819906792055,4.450214415560046,0.8080018424163216,50,50,2.325411557074124,2.301664507584002,0.023747049490121963,0.010317337479843503,0.023747049490121963,0.010317337479843503,0.0102418178185264,128,3,0.2,64,0.001,2048,2.0,1.0,0.01,False,False
126,0.808787676400378,3.3192471564528723,4.456650207670355,0.8077197163593572,50,50,2.3166308596871903,2.294889537550035,0.021741322137155183,0.009473798970021737,0.021741322137155183,0.009473798970021737,0.009918855469956078,128,3,0.2,64,0.001,2048,2.0,1.0,0.0001,False,False
18,0.8091580265595044,3.3614608541617064,4.452332177687797,0.8073110612905281,50,50,0.9207413778954558,0.9549817157924634,-0.03424033789700753,-0.035854443421038905,-0.03424033789700753,-0.035854443421038905,0.008192198662556271,128,2,0.1,64,0.001,1024,1.0,1.0,0.0001,False,False
250,0.8081356203159009,3.388162760752465,4.464242586153195,0.8070091465837197,50,50,0.9187562796836574,0.8895344382062148,0.029221841477442556,0.032850714061582235,0.029221841477442556,0.032850714061582235,0.01226335452966787,256,3,0.2,64,0.001,2048,1.0,1.0,0.0001,False,False
210,0.8052695617588781,3.3056656919812313,4.497462281111664,0.8051882248944751,50,50,0.8997506747382307,0.8847332515356675,0.015017423202563163,0.01697395590874064,0.015017423202563163,0.01697395590874064,0.012530546423642597,256,3,0.1,64,0.001,1024,1.0,1.0,0.0001,False,False
56,0.8050152711239726,3.356620359018255,4.5003978504739255,0.804092207202993,47,50,2.2501407557354223,2.2419328300041554,0.00820792573126683,0.0036610935088771668,0.014053966758137637,0.006258247033850347,0.0023497238811087673,128,2,0.2,64,0.001,1024,2.0,1.0,0.01,False,False
32,0.8040984090178347,3.377747359570184,4.510966383235313,0.803249216016222,50,50,2.2144686771926207,2.1981413716956673,0.016327305496953493,0.007427777715842932,0.016327305496953493,0.007427777715842932,0.007670675478077427,128,2,0.1,64,0.001,2048,2.0,1.0,0.01,False,False
121,0.8018979255298109,3.428481909700497,4.536230567928894,0.802163462947207,50,50,1.0022851140307607,0.9498048274538718,0.05248028657688886,0.055253758519602396,0.05248028657688886,0.055253758519602396,0.019754420099886594,128,3,0.2,64,0.001,2048,1.0,1.0,0.0001,True,False
123,0.8011742144192431,3.4303297643884383,4.544508945691441,0.801700884590314,50,50,1.0114311060810472,0.9637643357209607,0.0476667703600866,0.049458948202756065,0.0476667703600866,0.049458948202756065,0.009580100288365534,128,3,0.2,64,0.001,2048,1.0,1.0,0.01,True,False
216,0.8004362688112844,3.3712963870182793,4.552934649708358,0.801546720153346,50,50,1.9511325025732744,1.9288141166872281,0.022318385886046288,0.011571040305521252,0.022318385886046288,0.011571040305521252,0.007794080839297224,256,3,0.1,64,0.001,1024,2.0,1.0,0.01,False,False
89,0.8017512416421286,3.4175820043018517,4.537909674043224,0.8013634277281166,50,50,0.9687986995790802,0.9199374826265998,0.04886121695248036,0.05311362769236461,0.04886121695248036,0.05311362769236461,0.009998180360430653,128,3,0.1,64,0.001,2048,1.0,1.0,0.0001,True,False
91,0.8013681647149081,3.4357056573459093,4.542291869307556,0.800356026639839,49,50,1.0120974758946548,0.9273024084316442,0.08479506746301058,0.09144273399054934,0.052176337186607635,0.05631769191643744,0.010498189157073679,128,3,0.1,64,0.001,2048,1.0,1.0,0.01,True,False
116,0.8003038475763092,3.419241905227066,4.554444957327052,0.8002629428715079,50,50,0.9523863868451005,0.9116410725604897,0.04074531428461081,0.044694469688790005,0.04074531428461081,0.044694469688790005,0.011372182321425894,128,3,0.2,64,0.001,1024,1.0,1.0,0.01,False,False
252,0.8001867336292308,3.4376135251553004,4.5557802630883995,0.7996719412317326,50,50,0.9440706586854263,0.9143000297909596,0.02977062889446669,0.032561115524925965,0.02977062889446669,0.032561115524925965,0.017046179389966887,256,3,0.2,64,0.001,2048,1.0,1.0,0.01,False,False
30,0.7999694078885835,3.4017483955742525,4.5582571237799625,0.7989356489202408,50,50,2.2112687398228075,2.1939176437356602,0.017351096087147244,0.007908727174281222,0.017351096087147244,0.007908727174281222,0.005586927872762715,128,2,0.1,64,0.001,2048,2.0,1.0,0.0001,False,False
114,0.7993194855590142,3.442578153118738,4.565656268512353,0.798902851083713,50,50,0.9344341986687997,0.9038977107445232,0.030536487924276545,0.03378312342347258,0.030536487924276545,0.03378312342347258,0.010574842676930762,128,3,0.2,64,0.001,1024,1.0,1.0,0.0001,False,False
25,0.793658322333048,3.492840439083144,4.62960659210972,0.7929784816114243,50,50,1.0578166979818533,0.9769196773858274,0.08089702059602588,0.08280826199806003,0.08089702059602588,0.08280826199806003,0.00557258942090566,128,2,0.1,64,0.001,2048,1.0,1.0,0.0001,True,False
26,0.7931030170839676,3.501941923684226,4.635831988584446,0.7923405994770275,43,50,1.2190722090648753,1.161267177217245,0.05780503184763042,0.049777547304961416,0.0474640698509563,0.03748403217898866,-0.0105963485403896,128,2,0.1,64,0.001,2048,1.0,1.0,0.0001,False,False
59,0.7941135325143989,3.498913514122441,4.6244970871573985,0.7920559718639838,50,50,0.9979286779726849,0.9580654776754453,0.039863200297239665,0.04160801242307548,0.039863200297239665,0.04160801242307548,0.006742867989835588,128,2,0.2,64,0.001,2048,1.0,1.0,0.01,True,False
27,0.7930952249598029,3.500256040620728,4.635919284778534,0.7919871124213957,49,50,1.029026998175337,0.9608349957955958,0.06819200237974121,0.07097160561192559,0.04870913261110865,0.05052869603900061,0.004020928972442661,128,2,0.1,64,0.001,2048,1.0,1.0,0.01,True,False
55,0.7917391808034064,3.4793414110632774,4.651086272819694,0.7917555765644587,33,43,2.1316073426788695,2.110026514665136,0.021580828013733733,0.010227752051333175,0.024766670339052776,0.011548781454864567,0.001408739894443789,128,2,0.2,64,0.001,1024,2.0,1.0,0.01,True,False
57,0.794002684720853,3.5036110596517087,4.625741817629732,0.7916041949358007,49,50,1.0577247830512178,0.9605726692211702,0.09715211383004752,0.10113978561228291,0.04759925967953582,0.04948295330003929,0.006647302851988002,128,2,0.2,64,0.001,2048,1.0,1.0,0.0001,True,False
160,0.7907008650265219,3.5246318037309248,4.662666204026324,0.7903177273516637,49,50,1.8362773197548428,1.819609627537091,0.016667692217751773,0.009160037386871881,0.00723645026963915,0.003942974290603986,0.0057644808914938395,256,2,0.1,64,0.001,2048,2.0,1.0,0.01,False,False
53,0.7901916212154121,3.5088711889319106,4.668335103133357,0.789978172049054,50,50,2.0590232587548165,2.038244548080519,0.020778710674297596,0.010194414940967502,0.020778710674297596,0.010194414940967502,0.002385131479576641,128,2,0.2,64,0.001,1024,2.0,1.0,0.0001,True,False
28,0.789828419798089,3.5312535111934533,4.672374057097138,0.7890509802742514,41,50,1.1671204810707267,1.1209804723647656,0.04614000870596113,0.041160403631854914,0.05010069165808395,0.03881673769643424,-0.0033485434081423904,128,2,0.1,64,0.001,2048,1.0,1.0,0.01,False,False
62,0.7900370751066442,3.4904235722129284,4.670054148429272,0.7875944901914628,48,50,2.2293738318366483,2.207254154363935,0.022119677472713484,0.010021355007524142,0.01588473348381303,0.007157284245129179,0.003181126421099467,128,2,0.2,64,0.001,2048,2.0,1.0,0.0001,False,False
64,0.7877571337070723,3.5121866659969196,4.695341234453472,0.7853689180723196,48,50,2.233386652334924,2.214205719096772,0.019180933238152065,0.008662669901320835,0.021780960269974337,0.009818894021987696,0.0014885020202839438,128,2,0.2,64,0.001,2048,2.0,1.0,0.01,False,False
58,0.7812814877280031,3.6184859439311325,4.766431770907583,0.780951554210344,35,45,1.3025969803490103,1.2313742363927749,0.0712227439562354,0.05784004720195988,0.05523076233339652,0.037912477174564245,-0.011874520981658865,128,2,0.2,64,0.001,2048,1.0,1.0,0.0001,False,False
248,0.7816500070362112,3.582650492937224,4.76241459230533,0.7804138120488113,23,33,1.9684063977690502,1.9426498332380167,0.025756564531033588,0.013258469998220133,0.02187869715365176,0.010711126780110705,-0.002967725201761917,256,3,0.2,64,0.001,1024,2.0,1.0,0.01,False,False
60,0.7776055592565895,3.6396983982510434,4.806318785118771,0.7777744953321613,33,43,1.2598805464554912,1.187472804770613,0.07240774168487829,0.060976336800290326,0.05749783093429217,0.039392086240103735,-0.012857191702091875,128,2,0.2,64,0.001,2048,1.0,1.0,0.01,False,False
188,0.7782090240997434,3.6354827697433234,4.79979340917622,0.7774162956538395,23,33,1.1543122093166442,1.1422891385366998,0.012023070779944467,0.010525418105039774,0.06456493624478643,0.04828061601445169,-0.005103189304908939,256,2,0.2,64,0.001,2048,1.0,1.0,0.01,False,False
50,0.7770268462304852,3.652803698825688,4.8125682042679125,0.7757639088969004,21,31,1.1331935139736495,1.0613249808670673,0.07186853310658226,0.06771585932884389,0.07676446901544765,0.056763838748132,-0.0006301973471879441,128,2,0.2,64,0.001,1024,1.0,1.0,0.0001,False,False
192,0.7772692719417609,3.5657942446243536,4.809951280343796,0.7753276458720456,49,50,1.9718159988847883,1.9681484685887165,0.003667530296071808,0.0018634418869332824,0.011728247430350391,0.005975586303511707,0.0047448562884342405,256,2,0.2,64,0.001,2048,2.0,1.0,0.01,False,False
52,0.7757177676775427,3.6533914233096723,4.826674857621484,0.7746142524604834,19,29,1.146192761500799,1.101342003200539,0.044850758300259974,0.040723733563163916,0.0777078974421006,0.0542184232984152,-0.0018750173617523291,128,2,0.2,64,0.001,1024,1.0,1.0,0.01,False,False
191,0.7736996454463005,3.6561877224803085,4.8483417668967235,0.7716610165536777,18,28,1.9822203911315086,1.9534995858807567,0.028720805250751935,0.014702232577030645,0.03939564242711846,0.01899036939885382,0.0020471922353937355,256,2,0.2,64,0.001,2048,2.0,1.0,0.01,True,False
254,0.7710776151774053,3.7008236382847652,4.876348544277474,0.7693413130741507,17,27,1.8674197406603323,1.8119302301520155,0.05548951050831685,0.030624529347171085,0.05409690664465927,0.026866818878382166,-0.004812141554753957,256,3,0.2,64,0.001,2048,2.0,1.0,0.0001,False,False
224,0.7689030166543751,3.699862311246645,4.899454708440484,0.7679483338228711,19,29,1.796255741392272,1.750194224641508,0.046061516750763865,0.026317945804099904,0.046317608813043254,0.023507615986522477,-0.004018385324301432,256,3,0.1,64,0.001,2048,2.0,1.0,0.01,False,False
197,0.7684113844144418,3.717019747195983,4.9046634527192925,0.7666742985692844,50,50,2.1446492900069596,2.1003568677882227,0.04429242221873686,0.021088045987812977,0.04429242221873686,0.021088045987812977,0.004542694313752538,256,3,0.1,64,0.0001,1024,2.0,1.0,0.0001,True,False
199,0.767791112523709,3.7217666887068472,4.911227226513986,0.7660980139522577,50,50,2.1451803265733593,2.101062063601032,0.04411826297232713,0.02099807699003064,0.04411826297232713,0.02099807699003064,0.00431643684664107,256,3,0.1,64,0.0001,1024,2.0,1.0,0.01,True,False
158,0.7670178320905034,3.713260781420481,4.919397885868795,0.7657895349201244,11,21,2.0497173413474514,2.044834515786854,0.004882825560597492,0.0023878829914598626,0.033542585646581635,0.01472843629005707,-0.0021944336093201455,256,2,0.1,64,0.001,2048,2.0,1.0,0.0001,False,False
193,0.7654242228483935,3.7309281388167443,4.936193672973599,0.7652511424297117,50,50,1.27573390596195,1.191492015850619,0.08424189011133087,0.07070285741796573,0.08424189011133087,0.07070285741796573,0.008391432594417214,256,3,0.1,64,0.0001,1024,1.0,1.0,0.0001,True,False
195,0.764581213079381,3.7375579463697806,4.94505547361688,0.7644544581583793,50,50,1.2741726584167654,1.1876064534457225,0.08656620497104295,0.07289132247461243,0.08656620497104295,0.07289132247461243,0.008240169222028415,256,3,0.1,64,0.0001,1024,1.0,1.0,0.01,True,False
229,0.7641614336530718,3.7462329147095152,4.949462318196988,0.7642463007712718,50,50,2.0993978926054706,2.03406125829738,0.06533663430809078,0.03212127168814036,0.06533663430809078,0.03212127168814036,0.007870950770782925,256,3,0.2,64,0.0001,1024,2.0,1.0,0.0001,True,False
20,0.7643555598250596,3.7686145139861655,4.947424869466933,0.7631909061071409,12,22,1.1170765569608136,1.051144542560804,0.06593201440000973,0.06272402293921044,0.09752462037349652,0.06185886883166836,-0.009747044937291949,128,2,0.1,64,0.001,1024,1.0,1.0,0.01,False,False
182,0.7643932781034065,3.740524733807984,4.94702890040413,0.7627494143475281,11,21,1.8576026223204607,1.8425511469997617,0.015051475320698948,0.00816882361458859,0.056662678703532254,0.028266240341363758,-0.0012430192224096581,256,2,0.2,64,0.001,1024,2.0,1.0,0.0001,False,False
231,0.7623255226045215,3.7647875688264585,4.9686897858481665,0.7619938139653173,50,50,2.097956898612267,2.0332166787446755,0.06474021986759171,0.03184127916340075,0.06474021986759171,0.03184127916340075,0.007101771520559019,256,3,0.2,64,0.0001,1024,2.0,1.0,0.01,True,False
184,0.7626955109100867,3.7663874897010876,4.964820895221372,0.7603057948810662,8,18,1.8966140173134831,1.850888394503057,0.045725622810426136,0.02470468935146301,0.06172938174832776,0.028756930387825373,0.0007857870722965954,256,2,0.2,64,0.001,1024,2.0,1.0,0.01,False,False
186,0.7566673331487044,3.814666118234699,5.027485388352795,0.7562974640913039,10,20,1.3868502914637517,1.3287498967086078,0.05810039475514395,0.04372560622511586,0.0839993703430797,0.048701321091923606,0.00022015032535260826,256,2,0.2,64,0.001,2048,1.0,1.0,0.0001,False,False
92,0.7564925132662237,3.831244841817001,5.02929103700004,0.7554682356607858,50,50,1.01692622583683,0.9848118159705987,0.03211440986623115,0.032609691867456145,0.03211440986623115,0.032609691867456145,0.015470323445087697,128,3,0.1,64,0.001,2048,1.0,1.0,0.01,False,False
256,0.7568278010777143,3.8246870168278995,5.02582740459873,0.7550265348044256,12,22,1.815504233598037,1.7580635092326764,0.05744072436536052,0.03267272431496577,0.06512202466807304,0.03219271578680951,-0.005695428590372198,256,3,0.2,64,0.001,2048,2.0,1.0,0.01,False,False
225,0.7549956988314589,3.8117739061052114,5.044724612817013,0.7546250014198469,50,50,1.3020064051129459,1.205286985033463,0.09671942007948275,0.08024596737580923,0.09671942007948275,0.08024596737580923,0.011424820028855032,256,3,0.2,64,0.0001,1024,1.0,1.0,0.0001,True,False
227,0.7538414849396784,3.8227590162950524,5.056593485404029,0.7534646619596757,50,50,1.2977341512325637,1.2012484453142647,0.09648570591829908,0.08032119108637595,0.09648570591829908,0.08032119108637595,0.01033158342973528,256,3,0.2,64,0.0001,1024,1.0,1.0,0.01,True,False
69,0.7485701115533521,3.8409316677034693,5.110449022142242,0.748132268889466,50,50,2.5033049311489113,2.4673143954580268,0.035990535690884506,0.014586927291121854,0.035990535690884506,0.014586927291121854,0.010851588797316625,128,3,0.1,64,0.0001,1024,2.0,1.0,0.0001,True,False
71,0.7486575170991908,3.836920268952507,5.109560662337083,0.7480690627203264,50,50,2.508554123197062,2.472755150025246,0.03579897317181624,0.014477362698628187,0.03579897317181624,0.014477362698628187,0.011014570808324464,128,3,0.1,64,0.0001,1024,2.0,1.0,0.01,True,False
198,0.7480772966904365,3.8766086474014587,5.115454935240885,0.7475737767627577,50,50,2.1452140026822137,2.1010550494630547,0.04415895321915908,0.02101751366792809,0.04415895321915908,0.02101751366792809,0.0071117534185731746,256,3,0.1,64,0.0001,1024,2.0,1.0,0.0001,False,False
205,0.7465940492592401,3.878204547202444,5.130491987924555,0.7469384356538782,50,50,2.3573241929955655,2.3186726566530624,0.03865153634250307,0.016669682213053504,0.03865153634250307,0.016669682213053504,0.011561132006920327,256,3,0.1,64,0.0001,2048,2.0,1.0,0.0001,True,False
200,0.7472479113941011,3.8817400032438862,5.123868620917225,0.7467235466446298,50,50,2.1470604158070348,2.1032172279304593,0.043843187876575485,0.020845772511913406,0.043843187876575485,0.020845772511913406,0.0068106724061889334,256,3,0.1,64,0.0001,1024,2.0,1.0,0.01,False,False
207,0.7462517094251258,3.880742756179399,5.133956348127683,0.7465781871466535,50,50,2.3582676744214313,2.319862965691098,0.038404708730333414,0.01655473159333464,0.038404708730333414,0.01655473159333464,0.011501666394392984,256,3,0.1,64,0.0001,2048,2.0,1.0,0.01,True,False
237,0.744753267984573,3.8944876925599257,5.149092625909807,0.74514510472432,50,50,2.3774022891196624,2.3295967948894916,0.047805494230170886,0.02052093063273579,0.047805494230170886,0.02052093063273579,0.012925724048645781,256,3,0.2,64,0.0001,2048,2.0,1.0,0.0001,True,False
101,0.7461962576167191,3.8554044775585345,5.134517281191729,0.7450884782299788,50,50,2.529349196574175,2.4889723205899625,0.04037687598421247,0.016222308159152977,0.04037687598421247,0.016222308159152977,0.011340025017619992,128,3,0.2,64,0.0001,1024,2.0,1.0,0.0001,True,False
239,0.7444058066609894,3.896877950070406,5.152596102860442,0.7447766699739063,50,50,2.378221612696987,2.330674912927869,0.04754669976911785,0.020400399689113294,0.04754669976911785,0.020400399689113294,0.012876501874922064,256,3,0.2,64,0.0001,2048,2.0,1.0,0.01,True,False
103,0.7455418920117067,3.8601519522705527,5.141132015555915,0.7444247063374769,50,50,2.530658538847436,2.490737193025633,0.039921345821802845,0.0160279237542955,0.039921345821802845,0.0160279237542955,0.011174770634200915,128,3,0.2,64,0.0001,1024,2.0,1.0,0.01,True,False
133,0.7429691157133566,3.9167434044166596,5.167057140916169,0.7430942710346298,49,50,2.1075727129515855,2.070618081715955,0.036954631235630586,0.017847149873725474,0.03799919786054806,0.018233218698198037,0.007698049844537813,256,2,0.1,64,0.0001,1024,2.0,1.0,0.0001,True,False
165,0.7417601555433745,3.9215442809829675,5.179194666745428,0.7417701674369026,49,50,2.1402773558888337,2.0957594354697493,0.04451792041908442,0.02124190384909614,0.045486510065028796,0.02154660927623797,0.0074255290129841,256,2,0.2,64,0.0001,1024,2.0,1.0,0.0001,True,False
201,0.7419841593806461,3.919177704482473,5.1769478965405105,0.7414815871125418,50,50,1.6245012857652206,1.5494955237073385,0.07500576205788212,0.04840656904798446,0.07500576205788212,0.04840656904798446,0.008333904735393416,256,3,0.1,64,0.0001,2048,1.0,1.0,0.0001,True,False
135,0.7413944914570634,3.9327013629892775,5.1828602040079526,0.7413359746694157,49,50,2.097428873245956,2.0595795749634984,0.03784929828245742,0.018377196366946985,0.037714798784568515,0.018178897631869088,0.006652987427509971,256,2,0.1,64,0.0001,1024,2.0,1.0,0.01,True,False
167,0.7411512567713974,3.9261036298653518,5.185297033541467,0.7411907884234126,49,50,2.1423999944001473,2.0980239398857665,0.04437605451438076,0.02115135755638563,0.04505354372863701,0.021308166374573587,0.00768240085800298,256,2,0.2,64,0.0001,1024,2.0,1.0,0.01,True,False
203,0.7414407597675058,3.923423370129035,5.18239653849433,0.7409102083607975,50,50,1.6256324574256291,1.5505787946526444,0.07505366277298475,0.04840364322781677,0.07505366277298475,0.04840364322781677,0.0082099906746953,256,3,0.1,64,0.0001,2048,1.0,1.0,0.01,True,False
90,0.741589509757032,3.89874438988805,5.180905599058759,0.7408664493276036,23,33,1.2256266661147779,1.161252452115926,0.0643742139988519,0.055435158721564126,0.0801961685101178,0.05748565162632968,-0.00153714046298703,128,3,0.1,64,0.001,2048,1.0,1.0,0.0001,False,False
129,0.7412448896427685,3.9421279084454097,5.184359114820887,0.7397949757304187,50,50,1.2798345995356364,1.2285964572454648,0.05123814229017154,0.04170461504101059,0.05123814229017154,0.04170461504101059,0.009665295700692744,256,2,0.1,64,0.0001,1024,1.0,1.0,0.0001,True,False
131,0.7403250758115778,3.9475461680383948,5.193565531796361,0.738791987374189,50,50,1.2856725113221346,1.2342326270142774,0.051439884307857175,0.041677624770214514,0.051439884307857175,0.041677624770214514,0.00939144437879802,256,2,0.1,64,0.0001,1024,1.0,1.0,0.01,True,False
163,0.7391959089498215,3.96021579498018,5.204845097513305,0.7386524629240125,50,50,1.3499111374014747,1.2812396882248458,0.06867144917662893,0.05359765999113955,0.06867144917662893,0.05359765999113955,0.00817552798865484,256,2,0.2,64,0.0001,1024,1.0,1.0,0.01,True,False
161,0.7386890851601291,3.959513738651902,5.209899962575538,0.7373847258878227,50,50,1.3434573558835656,1.2721586679795835,0.07129868790398208,0.05604543654701281,0.07129868790398208,0.05604543654701281,0.0067254807262699945,256,2,0.2,64,0.0001,1024,1.0,1.0,0.0001,True,False
122,0.7379648225642012,3.9554857282911047,5.217114978256499,0.7361386516277904,22,32,1.2524001335913033,1.19471326791682,0.057686865674483334,0.04828511344405668,0.08546548276258648,0.057151053958360724,-0.00449949908584657,128,3,0.2,64,0.001,2048,1.0,1.0,0.0001,False,False
134,0.736129081777289,3.960014073934557,5.235357863562,0.7357877384165874,40,50,2.0589565137542065,2.0160868772004217,0.04286963655378484,0.021263784333200197,0.02999961482827551,0.013778804708369785,-0.0025713019190970465,256,2,0.1,64,0.0001,1024,2.0,1.0,0.0001,False,False
136,0.7357568860009811,3.956548863927398,5.239048856592676,0.7354655858580519,38,48,2.097247307541891,2.063258550731891,0.03398875680999991,0.016473338640929525,0.031605986674594355,0.014278183693120136,-0.0013507721157033359,256,2,0.1,64,0.0001,1024,2.0,1.0,0.01,False,False
65,0.7365074457023293,3.9500950358883578,5.231603033047476,0.7352382090455449,49,50,1.8672794042181564,1.8002154903391872,0.06706391387896926,0.03725327008842338,0.06761410521947564,0.0372419234951155,0.005936932336207956,128,3,0.1,64,0.0001,1024,1.0,1.0,0.0001,True,False
67,0.7356129305273075,3.9573419225307864,5.2404757378056654,0.7344645179934748,49,50,1.8603496993083244,1.7937546338241972,0.06659506548412719,0.03712607300261005,0.06752785252779514,0.03733410306290392,0.005059100193748889,128,3,0.1,64,0.0001,1024,1.0,1.0,0.01,True,False
97,0.7350723101396917,3.9589144572166988,5.245830880967091,0.7344341359869735,49,50,1.9699431630850621,1.9011047337956566,0.06883842928940553,0.03620969853247693,0.06975665366847927,0.0365088350777945,0.006012367484780956,128,3,0.2,64,0.0001,1024,1.0,1.0,0.0001,True,False
99,0.7347775657606419,3.9604698823124265,5.248748185225514,0.7341092938604862,49,50,1.972177858361458,1.9036697173401829,0.06850814102127512,0.035987409158871865,0.0690430459070015,0.03607848938476843,0.0059839309961274845,128,3,0.2,64,0.0001,1024,1.0,1.0,0.01,True,False
233,0.7348980609516951,3.9638252764953767,5.247555750719256,0.7339822281077422,50,50,1.607980952772016,1.511627347031146,0.09635360574086982,0.06374163971703041,0.09635360574086982,0.06374163971703041,0.004889632800160415,256,3,0.2,64,0.0001,2048,1.0,1.0,0.0001,True,False
166,0.7343822406167925,3.9869547537615406,5.2526584681330055,0.7334996175365012,40,50,1.9998154694203745,1.9453820391387726,0.05443343028160186,0.02798084344692507,0.04678982834751233,0.02220787991449742,0.0014159530131047093,256,2,0.2,64,0.0001,1024,2.0,1.0,0.0001,False,False
235,0.7343486099307387,3.96739980093438,5.2529909852754715,0.7334285029702494,50,50,1.607787676040946,1.511517460194607,0.09627021584633888,0.0636911040603819,0.09627021584633888,0.0636911040603819,0.0049559000301986345,256,3,0.2,64,0.0001,2048,1.0,1.0,0.01,True,False
168,0.733624242713443,3.982326111411426,5.260147929002376,0.7328712337609606,35,45,2.058280392591932,2.002124524269797,0.05615586832213504,0.028048139684326512,0.048194733515639854,0.02198649233549397,-0.0024100554564268073,256,2,0.2,64,0.0001,1024,2.0,1.0,0.01,False,False
70,0.7334934687446534,3.947067980886093,5.261438973692294,0.7327585507512717,50,50,2.484961869884477,2.4548064768689235,0.03015539301555359,0.012284224153594557,0.03015539301555359,0.012284224153594557,0.006371395547950964,128,3,0.1,64,0.0001,1024,2.0,1.0,0.0001,False,False
124,0.7347594763537013,3.9761060372352475,5.2489271767260375,0.7326195743736648,22,32,1.246277939472192,1.1591938330892246,0.08708410638296726,0.07512471503656135,0.08311583869915262,0.05592044302018588,0.0012345378358824544,128,3,0.2,64,0.001,2048,1.0,1.0,0.01,False,False
72,0.7331883611748954,3.9505604167123054,5.264449867382766,0.7323758172250647,50,50,2.488780270149184,2.459335364169128,0.029444905980056113,0.01197270872815831,0.029444905980056113,0.01197270872815831,0.006156639292136612,128,3,0.1,64,0.0001,1024,2.0,1.0,0.01,False,False
162,0.7332494032702921,3.9867120997355894,5.263847623352856,0.7321376401725228,47,50,1.4937443298526671,1.4193951270565297,0.07434920279613744,0.05238090604856385,0.06750361305108665,0.045648249601789384,0.0030249432903062257,256,2,0.2,64,0.0001,1024,1.0,1.0,0.0001,False,False
230,0.7316012497115307,4.001472543626939,5.280084268484051,0.7307619336870993,50,50,2.0804813244795786,2.0192684740023874,0.06121285047719116,0.030314369419070515,0.06121285047719116,0.030314369419070515,0.005294330569152739,256,3,0.2,64,0.0001,1024,2.0,1.0,0.0001,False,False
164,0.7314236895389128,3.997840224093223,5.281830509231018,0.7303093800845065,47,50,1.4897197445413184,1.4146752725423923,0.07504447199892605,0.05304713629726448,0.06856917484981895,0.04637079682803017,0.0023570184789702964,256,2,0.2,64,0.0001,1024,1.0,1.0,0.01,False,False
232,0.7310702653963467,4.004466189219569,5.2853045920813555,0.7302505610455513,50,50,2.0825743419805174,2.0215600967540515,0.061014245226465924,0.03018176176134183,0.061014245226465924,0.03018176176134183,0.005206239104379007,256,3,0.2,64,0.0001,1024,2.0,1.0,0.01,False,False
37,0.7307159376460912,3.995371974580963,5.288785266394888,0.7300261990009095,49,50,2.512239769197411,2.4796625821295524,0.03257718706785884,0.013137749991727225,0.03386630634690713,0.013622160621877119,0.0067664769044196715,128,2,0.2,64,0.0001,1024,2.0,1.0,0.0001,True,False
5,0.7304412756552744,3.995341744694239,5.291481783330576,0.7297368833219273,49,50,2.479942618991061,2.4538705880387024,0.02607203095235855,0.01062485979474454,0.028399759181592987,0.011541133932114828,0.00652656761778192,128,2,0.1,64,0.0001,1024,2.0,1.0,0.0001,True,False
7,0.7298654565709913,3.9998851503058264,5.297130479651567,0.7291385626540738,49,50,2.4824996441418916,2.456767658490888,0.02573198565100343,0.010473919079026686,0.02792287988701725,0.011335308495165682,0.006448912532043605,128,2,0.1,64,0.0001,1024,2.0,1.0,0.01,True,False
102,0.7293078897996673,3.9832818885415504,5.302594389300657,0.7288766412930656,50,50,2.513940688534555,2.4768111466794975,0.03712954185505746,0.014990865131091912,0.03712954185505746,0.014990865131091912,0.004312815423296756,128,3,0.2,64,0.0001,1024,2.0,1.0,0.0001,False,False
39,0.7296523594728996,4.005100222599832,5.2992194028067585,0.7288676944944406,49,50,2.5124867675023705,2.481231749032778,0.03125501846959233,0.012596573650073602,0.03323862240893316,0.013368016623337338,0.0065040264261907454,128,2,0.2,64,0.0001,1024,2.0,1.0,0.01,True,False
176,0.7286229299065452,4.023438103547704,5.30929899871824,0.7283161460747662,50,50,2.4191139683173795,2.389150936671856,0.029963031645523497,0.012541288700354241,0.029963031645523497,0.012541288700354241,0.006598626576022837,256,2,0.2,64,0.0001,2048,2.0,1.0,0.01,False,False
174,0.7285949293449632,4.024784601269365,5.30957289717061,0.7282638832995345,50,50,2.4159837054736797,2.384031675393393,0.031952030080286686,0.013402519106636547,0.031952030080286686,0.013402519106636547,0.006285723268229515,256,2,0.2,64,0.0001,2048,2.0,1.0,0.0001,False,False
104,0.7274615270891546,4.000894650857588,5.320647878597549,0.7277745903405735,48,50,2.513657451141217,2.477049833087135,0.03660761805408219,0.014778716828824675,0.03665006290793471,0.014718215209278962,0.0039784634620875226,128,3,0.2,64,0.0001,1024,2.0,1.0,0.01,False,False
6,0.7289459386059718,4.014442270666644,5.306138340421096,0.7277515934721676,50,50,2.51247798973872,2.4918600888855384,0.020617900853181492,0.008274100518381294,0.020617900853181492,0.008274100518381294,0.0058686313704128246,128,2,0.1,64,0.0001,1024,2.0,1.0,0.0001,False,False
2,0.7282390008051269,4.01323678502089,5.313053320980932,0.7274077412412143,49,50,2.048596613068996,2.0115020883641486,0.03709452470484731,0.018441206161020882,0.03775338377881132,0.018660101633673862,0.004675491698065026,128,2,0.1,64,0.0001,1024,1.0,1.0,0.0001,False,False
8,0.7282807728570331,4.019840919307316,5.312644973814049,0.7270289895993249,50,50,2.5141471254225514,2.493914389740246,0.020232735682305325,0.008112842912948856,0.020232735682305325,0.008112842912948856,0.005726935963099811,128,2,0.1,64,0.0001,1024,2.0,1.0,0.01,False,False
130,0.7274987620343208,4.045067786535514,5.320284405512311,0.7270289883427026,44,50,1.5269538854858167,1.472536696341386,0.05441718914443072,0.03695472532510313,0.05393987721433313,0.034498276423848354,-0.005301848466156445,256,2,0.1,64,0.0001,1024,1.0,1.0,0.0001,False,False
132,0.7273468184928407,4.046720898031608,5.321767463360891,0.7267630063001924,44,50,1.5291922737589825,1.47628953844413,0.05290273531485257,0.03583493206258649,0.05367708821796757,0.034295180132217475,-0.0044719906409173005,256,2,0.1,64,0.0001,1024,1.0,1.0,0.01,False,False
4,0.7276632898595237,4.017403808304355,5.318678051364777,0.7267572015442907,49,50,2.051232192489528,2.014158540505117,0.03707365198441126,0.018406521253840236,0.0375883132288819,0.018545840823550704,0.004694201609371951,128,2,0.1,64,0.0001,1024,1.0,1.0,0.01,False,False
141,0.7270513116634497,4.041012267670518,5.324650599994843,0.7266078774069219,50,50,2.34382614149564,2.316742118586201,0.02708402290943912,0.011690564388740526,0.02708402290943912,0.011690564388740526,0.007726298068872706,256,2,0.1,64,0.0001,2048,2.0,1.0,0.0001,True,False
143,0.7269484292458259,4.042153343638013,5.3256540144425895,0.726517731200417,50,50,2.3472701058088012,2.3203219857739037,0.02694812003489755,0.0116139571146241,0.02694812003489755,0.0116139571146241,0.00797132255661892,256,2,0.1,64,0.0001,2048,2.0,1.0,0.01,True,False
38,0.7279866810164681,4.000330207120313,5.3155192330654915,0.726470131507279,49,50,2.5481482028506344,2.520044664980064,0.028103537870570516,0.011151999907427372,0.02922927204280823,0.011574396875707863,0.005771746265707645,128,2,0.2,64,0.0001,1024,2.0,1.0,0.0001,False,False
142,0.7265686389868162,4.031707851538003,5.329356481115605,0.725925650828072,50,50,2.4008816654312963,2.37585892941217,0.025022736019126413,0.010532079876189234,0.025022736019126413,0.010532079876189234,0.005082870138790385,256,2,0.1,64,0.0001,2048,2.0,1.0,0.0001,False,False
144,0.7264774178307971,4.03314289856065,5.330245387050007,0.7258574962077597,50,50,2.4008380103516043,2.3758206287519985,0.02501738159960576,0.010529995950387555,0.02501738159960576,0.010529995950387555,0.005106175043495531,256,2,0.1,64,0.0001,2048,2.0,1.0,0.01,False,False
40,0.7272542767554785,4.006135112237171,5.322670522372334,0.7257161091252992,49,50,2.55163580072023,2.523876800543774,0.027759000176456272,0.010998555940002912,0.02900272315194874,0.011467202726813439,0.0056362823680308205,128,2,0.2,64,0.0001,1024,2.0,1.0,0.01,False,False
1,0.7269163116657974,4.047535460386745,5.325967219177137,0.7252487378342152,50,50,1.795903496228546,1.7427879218502031,0.05311557437834291,0.030477359701892817,0.05311557437834291,0.030477359701892817,0.0032253170634596318,128,2,0.1,64,0.0001,1024,1.0,1.0,0.0001,True,False
34,0.7249169153685288,4.043608245155132,5.345428833571124,0.724691912960782,49,50,2.0579669798333473,2.010921989823454,0.04704499000989326,0.023394736468132962,0.04816448442089438,0.023851413248674177,0.003686546473801844,128,2,0.2,64,0.0001,1024,1.0,1.0,0.0001,False,False
36,0.724846396221478,4.044751800464241,5.34611395553511,0.7246860973366178,49,50,2.0718955345938666,2.0244131283723417,0.04748240622152489,0.02345489937604853,0.04792818181202385,0.02355344743114146,0.004276152782906495,128,2,0.2,64,0.0001,1024,1.0,1.0,0.01,False,False
3,0.7262874301226916,4.051911273510159,5.3320962494297515,0.7245862304851238,50,50,1.8094223102711025,1.7576967485662442,0.0517255617048582,0.029428035152850352,0.0517255617048582,0.029428035152850352,0.002895281089583479,128,2,0.1,64,0.0001,1024,1.0,1.0,0.01,True,False
206,0.7250534873214196,4.038535491781197,5.344101732180134,0.7244630077715445,48,50,2.3152371389992674,2.2791045162046313,0.03613262279463614,0.015853868279286906,0.034574645447625674,0.015017562987315557,0.003305170530710111,256,3,0.1,64,0.0001,2048,2.0,1.0,0.0001,False,False
208,0.7248986208012125,4.039358289608616,5.345606581108529,0.7242914119171008,48,50,2.3176584699264087,2.281923338225636,0.035735131700772804,0.015660093002317733,0.03451502441423182,0.014978908408788624,0.0031958739927315793,256,3,0.1,64,0.0001,2048,2.0,1.0,0.01,False,False
238,0.725144789429784,4.028080912066177,5.343214344549258,0.7239485240438844,50,50,2.3574703112067845,2.31778231949343,0.039687991713354354,0.017123261049824767,0.039687991713354354,0.017123261049824767,0.004277274621565796,256,3,0.2,64,0.0001,2048,2.0,1.0,0.0001,False,False
240,0.7249350395857791,4.029765415180068,5.34525273530348,0.7236751674907511,50,50,2.359121036779953,2.319723980455112,0.03939705632484092,0.01698351039036615,0.03939705632484092,0.01698351039036615,0.0043466557005751305,256,3,0.2,64,0.0001,2048,2.0,1.0,0.01,False,False
137,0.723957262194591,4.0650814696413375,5.354744731038078,0.7228635592450761,50,50,1.62174993681646,1.5677293224388031,0.05402061437765693,0.03445787075897832,0.05402061437765693,0.03445787075897832,0.0033654774107365615,256,2,0.1,64,0.0001,2048,1.0,1.0,0.0001,True,False
33,0.7247247162989859,4.0460114865543355,5.347295918664374,0.7227445259979279,48,50,1.8767500786989688,1.8121367127640442,0.06461336593492462,0.035655900286005536,0.059235418683974084,0.03191428547174731,0.0011967963314296615,128,2,0.2,64,0.0001,1024,1.0,1.0,0.0001,True,False
35,0.7245114746692994,4.046619029494774,5.349366655527984,0.7226429218563792,48,50,1.877080648527191,1.8134053541212796,0.06367529440591135,0.03511365744079124,0.06019509764532782,0.0323944187143362,0.001143860509617789,128,2,0.2,64,0.0001,1024,1.0,1.0,0.01,True,False
173,0.7239815155860618,4.0731523074077804,5.354509489252715,0.7223484282432704,50,50,2.404132713503166,2.3730886948183647,0.031044018684801333,0.01308169338659187,0.031044018684801333,0.01308169338659187,0.007794218160162125,256,2,0.2,64,0.0001,2048,2.0,1.0,0.0001,True,False
77,0.7232541856715433,4.050121081362647,5.361559619860292,0.722336920963859,49,50,2.6282417415368413,2.5990930755050092,0.029148666031832082,0.01121493735893565,0.03037074470890122,0.011656813987608917,0.010034291012287588,128,3,0.1,64,0.0001,2048,2.0,1.0,0.0001,True,False
139,0.7232640599708174,4.068619057770036,5.361463968699967,0.7221500015079588,50,50,1.6287185487164297,1.5779156005707426,0.05080294814568709,0.032196239220469915,0.05080294814568709,0.032196239220469915,0.0031130979289945016,256,2,0.1,64,0.0001,2048,1.0,1.0,0.01,True,False
175,0.7236807831336334,4.075075718610043,5.357425664230668,0.7220297744832529,50,50,2.406370795279632,2.375543416614386,0.030827378665245764,0.012976979687948961,0.030827378665245764,0.012976979687948961,0.007788773596258514,256,2,0.2,64,0.0001,2048,2.0,1.0,0.01,True,False
79,0.7227974099270522,4.053928450240736,5.365982488332364,0.7218547306202507,49,50,2.6298635913889674,2.600568076792836,0.029295514596131333,0.011265044302266517,0.030131008520339897,0.011555620178972796,0.00993057684246157,128,3,0.1,64,0.0001,2048,2.0,1.0,0.01,True,False
73,0.7226233246855891,4.059552952958684,5.367667161880214,0.7212332121664444,50,50,2.1524820171472134,2.1001510303025475,0.05233098684466597,0.024917725482403605,0.05233098684466597,0.024917725482403605,0.00765299869479974,128,3,0.1,64,0.0001,2048,1.0,1.0,0.0001,True,False
75,0.7222129853337914,4.065498987836423,5.371636044750231,0.7208683223564762,50,50,2.155531828623137,2.103786666838128,0.051745161785008875,0.024596201982199514,0.051745161785008875,0.024596201982199514,0.0076141570304767425,128,3,0.1,64,0.0001,2048,1.0,1.0,0.01,True,False
138,0.7220818832490952,4.085050202258759,5.372903471906917,0.7207720519736125,50,50,1.891754928131035,1.849087465021012,0.04266746311002301,0.0230748755357217,0.04266746311002301,0.0230748755357217,0.0037788204239197487,256,2,0.1,64,0.0001,2048,1.0,1.0,0.0001,False,False
140,0.7218930676986579,4.086491804544451,5.374728317814699,0.7205368705184766,50,50,1.8925525732056365,1.8500181728339045,0.04253440037173206,0.022991341921023832,0.04253440037173206,0.022991341921023832,0.0037660549951296085,256,2,0.1,64,0.0001,2048,1.0,1.0,0.01,False,False
170,0.7215391260303643,4.084802288254715,5.378147390126223,0.7199725693189702,50,50,1.91306635419354,1.854776749747521,0.05828960444601905,0.03142674958264042,0.05828960444601905,0.03142674958264042,0.003814223282346041,256,2,0.2,64,0.0001,2048,1.0,1.0,0.0001,False,False
172,0.7213461274447561,4.0862720213833335,5.380010838722013,0.7198440386785212,50,50,1.9188392530255989,1.8629086052729982,0.055930647752600704,0.030023291316754856,0.055930647752600704,0.030023291316754856,0.0037223073500003423,256,2,0.2,64,0.0001,2048,1.0,1.0,0.01,False,False
169,0.7214024095148458,4.08678560770288,5.379467488228534,0.7192477805525035,50,50,1.756800609394298,1.6962196416808208,0.06058096771347721,0.03571528487516287,0.06058096771347721,0.03571528487516287,0.005312487373436259,256,2,0.2,64,0.0001,2048,1.0,1.0,0.0001,True,False
109,0.719314292793841,4.083039905205033,5.399589676780792,0.7191169439541577,49,50,2.671430614654091,2.639482103637013,0.031948511017078296,0.012104083211269207,0.034298310583550595,0.012981219181419685,0.00797275810014586,128,3,0.2,64,0.0001,2048,2.0,1.0,0.0001,True,False
171,0.7210601274982178,4.090389223114145,5.382771051937345,0.7189060967389298,50,50,1.7607823768079418,1.699592908016874,0.0611894687910679,0.036002426523693405,0.0611894687910679,0.036002426523693405,0.0053243949465123785,256,2,0.2,64,0.0001,2048,1.0,1.0,0.01,True,False
111,0.7190536367877584,4.084826978237948,5.4020962327700675,0.7188171260353506,49,50,2.671696374894208,2.639796310747361,0.03190006414684676,0.012084289995016862,0.03416733134721328,0.012929119297532375,0.008021008926847983,128,3,0.2,64,0.0001,2048,2.0,1.0,0.01,True,False
66,0.7193508261872015,4.086978909870756,5.399238266381368,0.7184563111357709,48,50,1.908772337947038,1.8549879846099704,0.05378435333706766,0.028994448364783532,0.054606663267794175,0.029061700871893362,0.002812333282807389,128,3,0.1,64,0.0001,1024,1.0,1.0,0.0001,False,False
68,0.7191067789447875,4.088771604525477,5.4015852942766225,0.7181893088711641,48,50,1.9126274683472804,1.8592654626940948,0.05336200565318561,0.02870058457164235,0.053869547245038785,0.02859886492747596,0.00293516727168619,128,3,0.1,64,0.0001,1024,1.0,1.0,0.01,False,False
42,0.7199611373679209,4.08731342992888,5.39336436897286,0.7173916250076211,50,50,2.3164546398539336,2.281610733508064,0.034843906345869424,0.015271626239369753,0.034843906345869424,0.015271626239369753,0.005330270219194855,128,2,0.2,64,0.0001,2048,1.0,1.0,0.0001,False,False
12,0.7190040188533724,4.097173843771133,5.402573243790483,0.7173529181002745,50,50,2.281218108680418,2.2523004651286236,0.02891764355179438,0.01283915889532215,0.02891764355179438,0.01283915889532215,0.007280423765918087,128,2,0.1,64,0.0001,2048,1.0,1.0,0.01,False,False
10,0.7188422128150865,4.096827383860862,5.404128502984056,0.7173156085913603,50,50,2.2846038646331595,2.2555711643584204,0.02903270027473903,0.012871551442712808,0.02903270027473903,0.012871551442712808,0.006960363192093033,128,2,0.1,64,0.0001,2048,1.0,1.0,0.0001,False,False
44,0.7197200585344865,4.090029938129947,5.395685379465967,0.7171570813180783,50,50,2.317558756126312,2.2826700771246484,0.03488867900166337,0.015284153128957945,0.03488867900166337,0.015284153128957945,0.005336380320682066,128,2,0.2,64,0.0001,2048,1.0,1.0,0.01,False,False
98,0.7181789014046727,4.090466362796607,5.410499495592812,0.7170868078389578,50,50,1.952286287327439,1.8887863580569115,0.06349992927052739,0.033619434511298,0.06349992927052739,0.033619434511298,0.0020534597164529877,128,3,0.2,64,0.0001,1024,1.0,1.0,0.0001,False,False
105,0.7180904977889052,4.092708653481911,5.411348030739854,0.716544942274577,50,50,2.194835919583093,2.134038953361271,0.06079696622182196,0.028489154861049835,0.06079696622182196,0.028489154861049835,0.006792741021319215,128,3,0.2,64,0.0001,2048,1.0,1.0,0.0001,True,False
100,0.7171579921337742,4.103735349821083,5.420290522180099,0.7163895937633573,48,50,1.9530759943344924,1.8900774689107238,0.0629985254237686,0.03333118692752603,0.05691167839059985,0.02969864931752616,0.0016827214993220263,128,3,0.2,64,0.0001,1024,1.0,1.0,0.01,False,False
194,0.7181913915461724,4.092952116572764,5.410379599223465,0.7161590490744367,23,33,1.6312704083812921,1.557434936692713,0.07383547168857918,0.047408382815254106,0.05185370358250707,0.027245341562898498,-0.000839459098961215,256,3,0.1,64,0.0001,1024,1.0,1.0,0.0001,False,False
107,0.7177630983690513,4.093857648634784,5.414489390115113,0.716001705766232,50,50,2.1991866411636485,2.1387366409688293,0.060450000194819165,0.028264349633733227,0.060450000194819165,0.028264349633733227,0.006624999555303823,128,3,0.2,64,0.0001,2048,1.0,1.0,0.01,True,False
196,0.717891761075352,4.09626437895074,5.4132551038355725,0.7158441139707095,23,33,1.631025686936568,1.557624367274745,0.07340131966182306,0.04712389020354611,0.05075932331124888,0.0266321663341885,-0.0004493096826165832,256,3,0.1,64,0.0001,1024,1.0,1.0,0.01,False,False
43,0.7183209133727388,4.102566456611016,5.4091361262336655,0.7152802161773393,50,50,2.224577497223151,2.1816378413372988,0.04293965588585236,0.019682302475800127,0.04293965588585236,0.019682302475800127,0.005124497625219493,128,2,0.2,64,0.0001,2048,1.0,1.0,0.01,True,False
9,0.7166937948893766,4.129250186885719,5.424736559823234,0.7151723540802091,50,50,2.1492708904134417,2.1150443799973866,0.03422651041605507,0.01618240767888632,0.03422651041605507,0.01618240767888632,0.005146480178052859,128,2,0.1,64,0.0001,2048,1.0,1.0,0.0001,True,False
41,0.7180530190141666,4.1045557717102295,5.411707727649695,0.7151353641505617,50,50,2.207664058837769,2.164924435765488,0.04273962307228096,0.0197418544343645,0.04273962307228096,0.0197418544343645,0.004509840188998138,128,2,0.2,64,0.0001,2048,1.0,1.0,0.0001,True,False
11,0.7164642377442956,4.13097414938316,5.4269338905904565,0.7149346300260195,50,50,2.1513082694019006,2.1172408703671395,0.03406739903476108,0.016090469209983478,0.03406739903476108,0.016090469209983478,0.005132356437087204,128,2,0.1,64,0.0001,2048,1.0,1.0,0.01,True,False
78,0.7174925024875365,4.097495890935231,5.417084351142951,0.7146468733631972,50,50,2.598295099538171,2.572239908062437,0.026055191475733874,0.010129378443303985,0.026055191475733874,0.010129378443303985,0.0074779004472866895,128,3,0.1,64,0.0001,2048,2.0,1.0,0.0001,False,False
202,0.7160566629765268,4.115980836139777,5.430833023091235,0.714322629948501,38,48,1.7204104238340632,1.6576056087675168,0.06280481506654634,0.03788887702500219,0.05285447791659004,0.028267395598125748,-0.0023708808947427995,256,3,0.1,64,0.0001,2048,1.0,1.0,0.0001,False,False
80,0.7171161763881586,4.10078221730869,5.420691178919134,0.7142600676519425,50,50,2.6002920448038864,2.5747131640889442,0.025578880714942187,0.00993465255536269,0.025578880714942187,0.00993465255536269,0.007425353192537343,128,3,0.1,64,0.0001,2048,2.0,1.0,0.01,False,False
14,0.7157670578092508,4.122843846516042,5.433601879172259,0.7141994650711297,50,50,2.658092936861763,2.641764714036431,0.016328222825332084,0.00618080131761004,0.016328222825332084,0.00618080131761004,0.007232575181889911,128,2,0.1,64,0.0001,2048,2.0,1.0,0.0001,False,False
204,0.7158603164582934,4.11828765199259,5.432710406250486,0.7141306896745789,38,48,1.7158117479779573,1.6533146232828904,0.06249712469506696,0.037801108037724886,0.053285981296973484,0.02850254872300816,-0.0020799641546664915,256,3,0.1,64,0.0001,2048,1.0,1.0,0.01,False,False
16,0.7154891009728398,4.125165149680257,5.436258041610653,0.7139095572730463,50,50,2.659200164939651,2.64293112233,0.01626904260965123,0.006155681649133744,0.01626904260965123,0.006155681649133744,0.007194949527283723,128,2,0.1,64,0.0001,2048,2.0,1.0,0.01,False,False
46,0.7148971598488714,4.131071155078715,5.441910325347372,0.7123979712048603,50,50,2.6693884731036723,2.6492208353545097,0.020167637749162637,0.007612667649302959,0.020167637749162637,0.007612667649302959,0.005870480896039032,128,2,0.2,64,0.0001,2048,2.0,1.0,0.0001,False,False
48,0.7145831583576366,4.133109614074767,5.444906257836546,0.7121063315279217,50,50,2.669628884020658,2.6495430031129317,0.020085880907726228,0.007580885037203567,0.020085880907726228,0.007580885037203567,0.005753204037746373,128,2,0.2,64,0.0001,2048,2.0,1.0,0.01,False,False
13,0.7139940650311849,4.139318132215612,5.450522437573678,0.7120984969529469,50,50,2.653464598386179,2.634720442456686,0.018744155929492745,0.007114286444756612,0.018744155929492745,0.007114286444756612,0.00718842593266511,128,2,0.1,64,0.0001,2048,2.0,1.0,0.0001,True,False
15,0.7138147979214033,4.140916674174619,5.452230350281825,0.7119194791962247,50,50,2.654431863061418,2.635818054271194,0.018613808790223896,0.007061871649320131,0.018613808790223896,0.007061871649320131,0.007211135921455503,128,2,0.1,64,0.0001,2048,2.0,1.0,0.01,True,False
236,0.7136776204345912,4.138830721055284,5.45353690569993,0.7118099221661931,38,48,1.8026393068217752,1.7322840747060182,0.070355232115757,0.04061414241639139,0.06146112525900227,0.032023239071894895,-0.0019363062139555742,256,3,0.2,64,0.0001,2048,1.0,1.0,0.01,False,False
45,0.7136940738725119,4.144794801469088,5.4533802104388585,0.7117469781516008,50,50,2.671600173890976,2.6465739940414057,0.02502617984957034,0.009456066562248101,0.02502617984957034,0.009456066562248101,0.007575302527134564,128,2,0.2,64,0.0001,2048,2.0,1.0,0.0001,True,False
47,0.7134897261531712,4.146436900966162,5.455326008504471,0.7114976373513793,50,50,2.672566458340411,2.6476222036936163,0.02494425464679484,0.009421379912887827,0.02494425464679484,0.009421379912887827,0.0074570537010172355,128,2,0.2,64,0.0001,2048,2.0,1.0,0.01,True,False
110,0.714326006461806,4.111746804816405,5.4473585530892885,0.7111726477976658,50,50,2.6321504594156733,2.6046935696671842,0.027456889748489033,0.010541312831665395,0.027456889748489033,0.010541312831665395,0.0062182314479352074,128,3,0.2,64,0.0001,2048,2.0,1.0,0.0001,False,False
112,0.7140222510813536,4.114609762551289,5.450253854888282,0.710876460833233,50,50,2.633375753184813,2.6061007226588093,0.027275030526003885,0.010465838978846993,0.027275030526003885,0.010465838978846993,0.0061707440201062,128,3,0.2,64,0.0001,2048,2.0,1.0,0.01,False,False
74,0.7122255639777274,4.143380438417986,5.4673479618823,0.7105601577534022,50,50,2.174077755685055,2.1313640197151447,0.04271373596991035,0.020040563495868254,0.04271373596991035,0.020040563495868254,0.004178393975131978,128,3,0.1,64,0.0001,2048,1.0,1.0,0.0001,False,False
76,0.7119392412937461,4.145680685074673,5.470067168938683,0.7102682544169148,50,50,2.175887856733855,2.133416319066707,0.04247153766714806,0.019907758878364556,0.04247153766714806,0.019907758878364556,0.005098007914006386,128,3,0.1,64,0.0001,2048,1.0,1.0,0.01,False,False
226,0.7119610487236151,4.154703194502241,5.469860111294939,0.7101008954300125,23,33,1.657416081700349,1.5717496065090455,0.08566647519130344,0.05450389479121554,0.06689918735784839,0.0351455979454413,-0.002944824373263044,256,3,0.2,64,0.0001,1024,1.0,1.0,0.0001,False,False
108,0.712117554906323,4.139202843425127,5.468373883061002,0.7100608308057477,50,50,2.2042760141056545,2.157192833465267,0.047083180640387745,0.02182613436776274,0.047083180640387745,0.02182613436776274,0.006311235988660013,128,3,0.2,64,0.0001,2048,1.0,1.0,0.01,False,False
106,0.7119202418496657,4.141500074389392,5.470247558871232,0.7098841634839833,50,50,2.2099460106640936,2.162272502524631,0.047673508139462584,0.022047872358271145,0.047673508139462584,0.022047872358271145,0.006120952775930832,128,3,0.2,64,0.0001,2048,1.0,1.0,0.0001,False,False
228,0.71142709843005,4.159115772859101,5.474927622348815,0.7095314023429546,23,33,1.651445528019106,1.5654886351558064,0.08595689286329966,0.054907388615277136,0.06708649990591042,0.0352707779466999,-0.003351234680699533,256,3,0.2,64,0.0001,1024,1.0,1.0,0.01,False,False
234,0.7104793813742034,4.168250218688755,5.483910498314908,0.7085126654531935,40,50,1.7573192047665376,1.6853514135108805,0.07196779125565711,0.04270194968166056,0.06351864572730404,0.033802387949602004,-0.00035077096455027323,256,3,0.2,64,0.0001,2048,1.0,1.0,0.0001,False,False
