combination_id,test_r2,test_mae,test_rmse,val_r2,best_epoch,total_epochs,hidden_dim,num_layers,dropout,learning_rate,batch_size,is_best
45,0.9694692651102395,0.7611343740494242,1.1472340307952351,0.9670937060113948,49,50,512,2,0.1,0.001,512,True
37,0.9680527793463982,0.7724997380811733,1.1735455008141575,0.9665909232327823,50,50,512,2,0.0,0.001,512,False
61,0.9687334545676848,0.751299597966471,1.1609762672181263,0.9660013181505224,50,50,512,3,0.1,0.001,512,False
53,0.9680853685907376,0.7662487352356173,1.1729467833255742,0.9631323539776757,49,50,512,3,0.0,0.001,512,False
13,0.9614845108606044,0.8747483550484944,1.2885494827248665,0.9616188482745757,48,50,256,2,0.1,0.001,512,False
46,0.9636299853448701,0.847994631099172,1.2521464602340657,0.9610998718508825,48,50,512,2,0.1,0.001,1024,False
54,0.9621260067941837,0.8395698734337107,1.277773687073838,0.9608734238412058,50,50,512,3,0.0,0.001,1024,False
38,0.9606373738880027,0.874122406030304,1.3026430436864151,0.9605030607128949,50,50,512,2,0.0,0.001,1024,False
29,0.9631548093161775,0.832928008527494,1.2602995938956607,0.9603144154347861,50,50,256,3,0.1,0.001,512,False
62,0.9604162089237555,0.8560178612719754,1.3062974677096344,0.9598789283490197,46,50,512,3,0.1,0.001,1024,False
5,0.9596835595746163,0.8929682199393506,1.3183310548766185,0.9591518328647729,50,50,256,2,0.0,0.001,512,False
21,0.9566626117253456,0.879229046593117,1.3668308095389152,0.9573894855994025,50,50,256,3,0.0,0.001,512,False
47,0.951526363501409,0.982204774825837,1.4455602349637051,0.9535097787220744,50,50,512,2,0.1,0.001,2048,False
14,0.9508579916116466,1.012828318521216,1.4554920678070222,0.952754900143846,48,50,256,2,0.1,0.001,1024,False
63,0.953114484798756,0.9349837648945722,1.4216828955385037,0.9525551652348674,50,50,512,3,0.1,0.001,2048,False
39,0.9489955309011284,1.0017934411824225,1.4828168339154821,0.9509664900469619,50,50,512,2,0.0,0.001,2048,False
6,0.9477431834455459,1.0427934405323667,1.500910745064839,0.9505425988487732,50,50,256,2,0.0,0.001,1024,False
30,0.9522748375941361,0.987139831911914,1.4343564793169876,0.9499927701110766,50,50,256,3,0.1,0.001,1024,False
55,0.9476980473673914,0.9962224372536032,1.5015588002562932,0.949713670825227,48,50,512,3,0.0,0.001,2048,False
22,0.9471781593350905,1.0144137833089018,1.5090031887704591,0.9467129638861099,50,50,256,3,0.0,0.001,1024,False
31,0.9298597846119597,1.2142603168132566,1.738869298677864,0.9322834402759214,50,50,256,3,0.1,0.001,2048,False
23,0.9274967650586432,1.230192381142308,1.7679178642331352,0.9295805595459126,50,50,256,3,0.0,0.001,2048,False
15,0.9172469479433858,1.3754214071402926,1.8887540220879417,0.9187532591293267,50,50,256,2,0.1,0.001,2048,False
64,0.9155945289241849,1.3618231821446996,1.907518203439848,0.9142635315458709,50,50,512,3,0.1,0.001,4096,False
7,0.9118595340714789,1.4155785088545054,1.9492657996907,0.9098180263412063,50,50,256,2,0.0,0.001,2048,False
56,0.9142793411526847,1.372674941592351,1.9223220266328236,0.9077962139816443,50,50,512,3,0.0,0.001,4096,False
48,0.8814115206279507,1.669361721990181,2.2610212405004915,0.8773814161059483,50,50,512,2,0.1,0.001,4096,False
40,0.8807255451746299,1.6728949785504061,2.2675512533395854,0.8767753119515093,50,50,512,2,0.0,0.001,4096,False
57,0.8748783017925005,1.6945414372695013,2.322467830911412,0.8742872078854487,50,50,512,3,0.1,0.0001,512,False
49,0.8704926570051634,1.7189125286508464,2.362819730710176,0.8674229736591713,50,50,512,3,0.0,0.0001,512,False
32,0.8408367578968272,1.9308502158177752,2.619417837357374,0.8398911285136841,50,50,256,3,0.1,0.001,4096,False
16,0.8415574912997092,1.9388397225964327,2.6134803985697626,0.837382269869973,50,50,256,2,0.1,0.001,4096,False
24,0.8389730936510512,1.9489811710309888,2.6347087681985406,0.8345212443482795,49,50,256,3,0.0,0.001,4096,False
33,0.8313292598689754,1.9986247519358435,2.6965176506390565,0.8338871955383863,50,50,512,2,0.0,0.0001,512,False
41,0.8332354270133727,1.9849994734880885,2.681237531646123,0.8322984340655291,50,50,512,2,0.1,0.0001,512,False
8,0.8313889537536235,1.994633784944815,2.696040449146582,0.8306644988291607,50,50,256,2,0.0,0.001,4096,False
25,0.8008749165256636,2.1777554386146933,2.92985668715667,0.8015120726006987,50,50,256,3,0.1,0.0001,512,False
17,0.791450440971421,2.2775758088484306,2.998389373413688,0.7919149138644731,50,50,256,3,0.0,0.0001,512,False
50,0.794073848698253,2.1949653702299905,2.979470868146769,0.7900913548892078,48,50,512,3,0.0,0.0001,1024,False
58,0.7805234632883882,2.298138287662506,3.0759370365019345,0.7837227262108558,48,50,512,3,0.1,0.0001,1024,False
9,0.773121415848032,2.357730148966503,3.1273763221032596,0.7746894176282855,50,50,256,2,0.1,0.0001,512,False
1,0.7594256305734532,2.437874731749994,3.2203870395346588,0.7596006716562805,50,50,256,2,0.0,0.0001,512,False
42,0.7294298024261685,2.6097804219865037,3.4152568531348018,0.7295537318492693,50,50,512,2,0.1,0.0001,1024,False
34,0.7265755602472249,2.6165000645089282,3.4332233497201674,0.7253692899482203,50,50,512,2,0.0,0.0001,1024,False
51,0.6936209671099756,2.7727159685032388,3.6342342130775753,0.7005021764580248,49,50,512,3,0.0,0.0001,2048,False
59,0.6849501272971752,2.845677791763886,3.685301690060058,0.695626368650839,50,50,512,3,0.1,0.0001,2048,False
26,0.6830333037684972,2.8468867532893958,3.6964957284836566,0.6898822586410335,50,50,256,3,0.1,0.0001,1024,False
18,0.6774158028976875,2.8754815787542425,3.7291077842332556,0.6842543575120453,50,50,256,3,0.0,0.0001,1024,False
10,0.6702115398727396,2.946014182082944,3.7705188778806416,0.6792530135305923,50,50,256,2,0.1,0.0001,1024,False
2,0.6669121735648573,2.92802947962526,3.789333003215448,0.6709750460709952,50,50,256,2,0.0,0.0001,1024,False
35,0.6478152942441278,3.0163926612664502,3.8964457871949385,0.6575893829690147,50,50,512,2,0.0,0.0001,2048,False
43,0.6498574903601815,3.013644532760008,3.8851322984208667,0.6560206261810739,50,50,512,2,0.1,0.0001,2048,False
27,0.6011246585600982,3.241459126245207,4.146693983094704,0.6049627854811834,50,50,256,3,0.1,0.0001,2048,False
52,0.5828304815909969,3.3251624839293945,4.240720758294585,0.587052671787883,50,50,512,3,0.0,0.0001,4096,False
11,0.5809171439751621,3.342290636795634,4.250434613066665,0.5832878582371492,49,50,256,2,0.1,0.0001,2048,False
60,0.5792916911205079,3.3359137323115067,4.25866949400698,0.5813761970068532,50,50,512,3,0.1,0.0001,4096,False
3,0.5775392986185359,3.3539001905705366,4.267529677108274,0.5778515739637688,49,50,256,2,0.0,0.0001,2048,False
19,0.5760447581942045,3.357488986238333,4.275071638628211,0.5746157453092601,50,50,256,3,0.0,0.0001,2048,False
36,0.5336921325200319,3.520447056751418,4.483526732404908,0.5388843818425131,49,50,512,2,0.0,0.0001,4096,False
44,0.5330375635526055,3.5266214936356497,4.486672452736741,0.5376041752163242,50,50,512,2,0.1,0.0001,4096,False
20,0.4923545646402623,3.6675180640597915,4.678036810013776,0.4949764837825924,50,50,256,3,0.0,0.0001,4096,False
12,0.49081637120446686,3.6653811461177903,4.6851188030692255,0.4929161014988964,50,50,256,2,0.1,0.0001,4096,False
28,0.489926977908,3.668230017457262,4.689208776722159,0.49173188874548635,50,50,256,3,0.1,0.0001,4096,False
4,0.4881119378801403,3.678403617749785,4.697544390684838,0.4907439959082345,50,50,256,2,0.0,0.0001,4096,False
