combination_id,test_r2,test_mae,test_rmse,val_r2,best_epoch,total_epochs,hidden_dim,num_layers,dropout,learning_rate,batch_size,lambda_score,is_best
68,0.9654608296529508,0.8635696890609219,1.2202233820989388,0.9662782140108626,48,50,512,2,0.1,0.001,256,1.0,True
56,0.9671186027897013,0.8317564317146584,1.190579838433936,0.9659890105288975,50,50,512,2,0.0,0.001,256,1.0,False
55,0.9634890794483085,0.8875339946829947,1.2545696688046941,0.9656274955357126,46,50,512,2,0.0,0.001,256,0.7,False
58,0.9645639978513996,0.8490676285963468,1.23596380233896,0.965257762314259,48,50,512,2,0.0,0.001,512,1.0,False
67,0.9646470603335178,0.8742686647970368,1.2345143943071175,0.9650714241434128,50,50,512,2,0.1,0.001,256,0.7,False
8,0.9655665688230446,0.8764796252728992,1.2183541375804667,0.9640348727128054,50,50,256,2,0.0,0.001,256,1.0,False
79,0.9645915496920814,0.8708866316206033,1.235483221892089,0.964001376074318,50,50,512,3,0.0,0.001,256,0.7,False
20,0.9609757640207902,0.9067920464798997,1.2970317182488944,0.9639243398022949,50,50,256,2,0.1,0.001,256,1.0,False
70,0.9625776725396211,0.8888512306631834,1.2701317998399912,0.9638738325907297,47,50,512,2,0.1,0.001,512,1.0,False
57,0.9652908418787768,0.8613079132697916,1.223222418666983,0.9637278156321812,50,50,512,2,0.0,0.001,512,0.7,False
92,0.9632882557564624,0.871835354746552,1.2580152380650884,0.9628454514454142,47,50,512,3,0.1,0.001,256,1.0,False
91,0.9625637601575822,0.8974503810833223,1.270367874371046,0.9626914425147391,49,50,512,3,0.1,0.001,256,0.7,False
80,0.9628838871838858,0.8820269665516031,1.2649245895544614,0.9622726472470399,43,50,512,3,0.0,0.001,256,1.0,False
69,0.9612947761614185,0.9210726571829174,1.2917194047651794,0.9622467787808793,49,50,512,2,0.1,0.001,512,0.7,False
19,0.9599665690046991,0.941780141041105,1.3136957598480692,0.962084724586622,50,50,256,2,0.1,0.001,256,0.7,False
43,0.9594839674579116,0.9633369386676699,1.321590316149795,0.9610004915520165,49,50,256,3,0.1,0.001,256,0.7,False
94,0.9593520952418391,0.9262705195771544,1.3237393353152693,0.9607664148442703,44,50,512,3,0.1,0.001,512,1.0,False
82,0.9597134601221405,0.933252531907607,1.317842096385216,0.9607274847785523,47,50,512,3,0.0,0.001,512,1.0,False
7,0.9607659557059448,0.9404031949593551,1.3005136987118955,0.9607137542312053,50,50,256,2,0.0,0.001,256,0.7,False
31,0.9597247213135882,0.9354926831907288,1.3176578970296153,0.9606904714668241,47,50,256,3,0.0,0.001,256,0.7,False
44,0.9576113947283084,0.9581093095180746,1.3517860352499635,0.960473645829827,49,50,256,3,0.1,0.001,256,1.0,False
32,0.9613486729207753,0.9222633184772238,1.2908197362442004,0.9603343278182151,49,50,256,3,0.0,0.001,256,1.0,False
93,0.9584583933667765,0.9308622387842391,1.3382123593409598,0.9597557891732502,50,50,512,3,0.1,0.001,512,0.7,False
60,0.9573451392812197,0.9449587276816256,1.356024874546836,0.9591008360131447,49,50,512,2,0.0,0.001,1024,1.0,False
81,0.9567059484751093,0.9599985022034853,1.3661472332689477,0.9586792529177963,49,50,512,3,0.0,0.001,512,0.7,False
72,0.9567687524824394,0.9500493318045792,1.3651559809324774,0.9578765866532474,50,50,512,2,0.1,0.001,1024,1.0,False
59,0.9545264114547553,0.9852174990287431,1.4001127356228387,0.9564892841399483,50,50,512,2,0.0,0.001,1024,0.7,False
22,0.9532591852426403,1.0206841649878209,1.4194873654798015,0.9564587459322175,50,50,256,2,0.1,0.001,512,1.0,False
10,0.9531115549742769,1.0109851153737632,1.4217273145478941,0.9559863589187737,50,50,256,2,0.0,0.001,512,1.0,False
96,0.9544343086703252,0.9927048503042046,1.4015299214577628,0.9553585736534244,49,50,512,3,0.1,0.001,1024,1.0,False
71,0.9519690499790407,1.0311008528395824,1.438944291038669,0.95506506852247,49,50,512,2,0.1,0.001,1024,0.7,False
34,0.9539133827294572,0.9898022138733124,1.409518590481924,0.9550338427924787,47,50,256,3,0.0,0.001,512,1.0,False
9,0.9527299122350584,1.0288601689468162,1.4275015760634724,0.9547172012390018,50,50,256,2,0.0,0.001,512,0.7,False
84,0.9546710980629163,0.9834105791424911,1.3978835409954251,0.9544193247473017,44,50,512,3,0.0,0.001,1024,1.0,False
95,0.951685671052807,1.0072614626449636,1.4431828789481054,0.9541674368684846,49,50,512,3,0.1,0.001,1024,0.7,False
46,0.9505640552824678,1.0371559057685784,1.4598384933576005,0.9527304830887213,50,50,256,3,0.1,0.001,512,1.0,False
83,0.9514690899823999,1.0064928781428197,1.4464139761559358,0.9524796724081037,50,50,512,3,0.0,0.001,1024,0.7,False
33,0.9512639139422162,1.0229845907661328,1.449468282033062,0.9510922570568723,48,50,256,3,0.0,0.001,512,0.7,False
21,0.9484068120735764,1.0665234439436355,1.4913499840185027,0.9501358800436335,47,50,256,2,0.1,0.001,512,0.7,False
45,0.9491215859231685,1.0691984723192611,1.4809833461481932,0.9496675445357202,50,50,256,3,0.1,0.001,512,0.7,False
24,0.9359756711973892,1.228216512510259,1.6613300063468834,0.9364215475121251,49,50,256,2,0.1,0.001,1024,1.0,False
12,0.9339305426272821,1.2388904526586813,1.687655356145782,0.936107438735976,48,50,256,2,0.0,0.001,1024,1.0,False
36,0.9329005146271752,1.224243013978153,1.7007598181773294,0.9350371330703036,50,50,256,3,0.0,0.001,1024,1.0,False
48,0.9288773020786787,1.2637316622937251,1.751005472250076,0.9299933415684961,46,50,256,3,0.1,0.001,1024,1.0,False
23,0.9272712919336783,1.300034347252122,1.7706646971002327,0.9249911840240203,48,50,256,2,0.1,0.001,1024,0.7,False
11,0.9228838954047391,1.3469874406803337,1.8232907720378155,0.9233093235146661,48,50,256,2,0.0,0.001,1024,0.7,False
35,0.9218069144829512,1.353853830938266,1.8359784000556492,0.9232681375940779,50,50,256,3,0.0,0.001,1024,0.7,False
47,0.9211881631319141,1.3488668576751113,1.8432282457534412,0.919820947680229,50,50,256,3,0.1,0.001,1024,0.7,False
86,0.9069072712724321,1.4389299796126607,2.0032782339036275,0.9069055824194128,50,50,512,3,0.1,0.0001,256,1.0,False
62,0.8987485211019743,1.5156864050915115,2.0892195433910232,0.9015049122522519,50,50,512,2,0.1,0.0001,256,1.0,False
74,0.9034300245814756,1.4684161166581002,2.04034896723793,0.9014885993355766,50,50,512,3,0.0,0.0001,256,1.0,False
85,0.8992447500100098,1.490851493394291,2.0840936701232926,0.8968732939739863,50,50,512,3,0.1,0.0001,256,0.7,False
73,0.8921038433636415,1.54934642245334,2.156683320534606,0.8944906183526563,50,50,512,3,0.0,0.0001,256,0.7,False
50,0.8946865433101151,1.572880188635124,2.130714817052133,0.8883894000419392,50,50,512,2,0.0,0.0001,256,1.0,False
61,0.8821574929784016,1.6481875337514609,2.2538986255293953,0.884604513847121,50,50,512,2,0.1,0.0001,256,0.7,False
49,0.8721746478295381,1.7305281675353683,2.347425894847624,0.8720271405940854,48,50,512,2,0.0,0.0001,256,0.7,False
88,0.8615762829332667,1.7911917078391264,2.4428041303150207,0.8569814700376407,50,50,512,3,0.1,0.0001,512,1.0,False
76,0.849076744196892,1.856837416664711,2.550712290653262,0.8481630742314317,48,50,512,3,0.0,0.0001,512,1.0,False
87,0.8417948196244931,1.891716632286457,2.6115223212500527,0.8377943137708501,48,50,512,3,0.1,0.0001,512,0.7,False
64,0.8387252359324857,1.9682216307165734,2.6367357021443856,0.8331828527820514,49,50,512,2,0.1,0.0001,512,1.0,False
75,0.8310780991603685,1.9994266839696417,2.6985245409602014,0.8286556624920006,50,50,512,3,0.0,0.0001,512,0.7,False
38,0.8350350499452042,1.9490326784766956,2.6667311383324743,0.8256338294461627,50,50,256,3,0.1,0.0001,256,1.0,False
52,0.8266721542778761,2.0170580123502138,2.733490454864447,0.8218126331807543,50,50,512,2,0.0,0.0001,512,1.0,False
14,0.8242701881233451,2.0555063807725413,2.752365554964546,0.8208997095257481,49,50,256,2,0.1,0.0001,256,1.0,False
63,0.8221646377326387,2.062239894384565,2.7688055324588174,0.8179651942552212,50,50,512,2,0.1,0.0001,512,0.7,False
2,0.816728871327632,2.094762412069783,2.810803070694475,0.8156317766874437,50,50,256,2,0.0,0.0001,256,1.0,False
37,0.8250783665868426,2.0347612772552175,2.746029219834903,0.8156273781570728,50,50,256,3,0.1,0.0001,256,0.7,False
13,0.8117385369937304,2.1371469742846676,2.848814077508252,0.8103800450077503,49,50,256,2,0.1,0.0001,256,0.7,False
51,0.8097956152928857,2.1317750133911475,2.8634767041543983,0.8095976646465453,49,50,512,2,0.0,0.0001,512,0.7,False
26,0.8102587358172084,2.118596168781518,2.859988501040257,0.8052381938224533,50,50,256,3,0.0,0.0001,256,1.0,False
1,0.7912063411299249,2.2575882065330095,3.0001436143045686,0.795050616661124,50,50,256,2,0.0,0.0001,256,0.7,False
25,0.7797707459869474,2.3216596326396823,3.0812071426095287,0.7728413844712461,50,50,256,3,0.0,0.0001,256,0.7,False
90,0.7744457380265682,2.3443399857810348,3.1182354959707053,0.7672271202200518,50,50,512,3,0.1,0.0001,1024,1.0,False
40,0.7677570561441668,2.3772286400438634,3.1641324596921043,0.7644130437911316,50,50,256,3,0.1,0.0001,512,1.0,False
16,0.7680848734477005,2.389884636080098,3.1618985411031937,0.7626873769120095,50,50,256,2,0.1,0.0001,512,1.0,False
78,0.763911301238588,2.387598557015592,3.190222629564204,0.759098400602212,49,50,512,3,0.0,0.0001,1024,1.0,False
39,0.7597365414772619,2.4064834227980216,3.2183054022556177,0.7563538516816563,50,50,256,3,0.1,0.0001,512,0.7,False
89,0.759982170386676,2.407995970112595,3.216659894039655,0.7516942776860566,48,50,512,3,0.1,0.0001,1024,0.7,False
15,0.7534386076854679,2.4706160427257573,3.260212655956744,0.7512954665126321,50,50,256,2,0.1,0.0001,512,0.7,False
4,0.7426006872052318,2.5007563607489436,3.331095498979753,0.7436336674421957,50,50,256,2,0.0,0.0001,512,1.0,False
77,0.7464000653431169,2.4613408081831576,3.3064195544931687,0.7417674486844265,49,50,512,3,0.0,0.0001,1024,0.7,False
66,0.7480924672322472,2.4894166156058812,3.29536837287055,0.7413304487017155,49,50,512,2,0.1,0.0001,1024,1.0,False
28,0.7385642774537424,2.5707417663670835,3.357112203180689,0.7356304969850107,50,50,256,3,0.0,0.0001,512,1.0,False
65,0.7394661107977691,2.536011442122193,3.3513169523870796,0.7343843425564529,49,50,512,2,0.1,0.0001,1024,0.7,False
54,0.7296121908002341,2.5569169799688445,3.4141055656713823,0.7285162860082279,49,50,512,2,0.0,0.0001,1024,1.0,False
3,0.7246268879787192,2.6523508370620132,3.445435771661708,0.7274903465915867,48,50,256,2,0.0,0.0001,512,0.7,False
27,0.7255425978115218,2.6373171819553223,3.4397023748149693,0.7225898491316554,50,50,256,3,0.0,0.0001,512,0.7,False
53,0.7192983961939015,2.6211793385473965,3.4786107849391326,0.7161259311121102,49,50,512,2,0.0,0.0001,1024,0.7,False
18,0.6754481848117465,2.879293146132641,3.740463432125135,0.6737328276166028,50,50,256,2,0.1,0.0001,1024,1.0,False
17,0.667266830007615,2.922519128020692,3.78731511306632,0.6655966817108152,50,50,256,2,0.1,0.0001,1024,0.7,False
42,0.6641564730232861,2.9140680554295613,3.8049756616017887,0.6607244219495703,50,50,256,3,0.1,0.0001,1024,1.0,False
6,0.6558349088131628,3.00076063673002,3.851827246262964,0.6563288120488908,49,50,256,2,0.0,0.0001,1024,1.0,False
41,0.6591146493011939,2.954830143028335,3.833430210848985,0.6527348282263468,50,50,256,3,0.1,0.0001,1024,0.7,False
5,0.6458133855263224,3.0373470425465663,3.907504296103967,0.6488602562505846,49,50,256,2,0.0,0.0001,1024,0.7,False
30,0.6479270962854966,3.017561435610574,3.8958272691779663,0.647273763432535,50,50,256,3,0.0,0.0001,1024,1.0,False
29,0.6377369338422332,3.0419312799230953,3.9518042267032496,0.6357232975226643,50,50,256,3,0.0,0.0001,1024,0.7,False
