Plastic,Method,Best_Score,Test_R2
PET,SA,-63.14095105286384,0.9750649404570857
PET,ILS,-66.1108169555664,0.9750649404570857
PET,MOCO-CEM,-65.34819030761719,0.9750649404570857
PP,SA,-53.48272670491802,0.959304338427025
PP,ILS,-55.44071960449219,0.959304338427025
PP,MOCO-CEM,-55.52593231201172,0.959304338427025
PE,SA,-59.58803977509822,0.9542884977224324
PE,ILS,-60.768089294433594,0.9542884977224324
PE,MOCO-CEM,-59.62260437011719,0.9542884977224324
PVC,SA,-69.16670986780635,0.948930733293041
PVC,ILS,-68.86005401611328,0.948930733293041
PVC,MOCO-CEM,-69.16670989990234,0.948930733293041
PS,SA,-44.81946071839788,0.9583335754378968
PS,ILS,-44.8968391418457,0.9583335754378968
PS,MOCO-CEM,-45.34385681152344,0.9583335754378968
Nylon,SA,-77.7069877029419,0.9689052976474757
Nylon,ILS,-78.78936004638672,0.9689052976474757
Nylon,MOCO-CEM,-78.78936004638672,0.9689052976474757
