combination_id,test_r2,test_mae,test_rmse,val_r2,best_epoch,total_epochs,final_train_loss,final_val_loss,train_val_gap,overfitting_ratio,best_epoch_gap,best_epoch_overfitting_ratio,val_r2_trend,hidden_dim,num_layers,dropout,learning_rate,batch_size,weight_decay,use_layernorm,is_best
155,0.9680184378982832,1.6819317200136783,2.571902838608559,0.966906831565214,50,50,0.014331081142975951,0.033140893699747744,-0.01880981255677179,-0.5675710717757428,-0.01880981255677179,-0.5675710717757428,0.003979632984026704,256,3,0.1,0.001,2048,0.01,True,True
153,0.9681128681437292,1.6751308945004466,2.568103071814454,0.9662403942095488,50,50,0.013883839792992169,0.033808292882495865,-0.019924453089503698,-0.5893362660680073,-0.019924453089503698,-0.5893362660680073,0.003303164172700934,256,3,0.1,0.001,2048,0.0001,True,False
169,0.9670321198503014,1.7212430584287814,2.6112607017363207,0.9661161742315071,50,50,0.01889729442546069,0.03393269146240692,-0.01503539703694623,-0.44309473811128497,-0.01503539703694623,-0.44309473811128497,0.003889315645762337,256,3,0.2,0.001,2048,0.0001,True,False
171,0.966842919205117,1.7241284797845575,2.618742914728786,0.9654995064144524,50,50,0.018980305671347834,0.034550249245399844,-0.01556994357405201,-0.4506463459485767,-0.01556994357405201,-0.4506463459485767,0.0038282885908653697,256,3,0.2,0.001,2048,0.01,True,False
185,0.9655252136613123,1.773692166202361,2.6702720694858595,0.9651168821334333,50,50,0.02337731191447979,0.034933424291427484,-0.011556112376947696,-0.33080388228025837,-0.011556112376947696,-0.33080388228025837,0.004803782619211994,256,3,0.3,0.001,2048,0.0001,True,False
187,0.9657455395708463,1.765293137061614,2.6617256331657972,0.9648606969850568,50,50,0.023690161787191317,0.03518997933352721,-0.011499817546335892,-0.32679239272469407,-0.011499817546335892,-0.32679239272469407,0.005246900896615503,256,3,0.3,0.001,2048,0.01,True,False
170,0.9632853299531081,1.8198452573206663,2.7556530461361484,0.9625642331275414,49,50,0.019588422790657232,0.03756471917552074,-0.01797629638486351,-0.47854201440637584,-0.01754219727900342,-0.4679197631977079,0.00431225473779584,256,3,0.2,0.001,2048,0.0001,False,False
172,0.963074249797496,1.8408607334087959,2.763563100098241,0.9621221235501343,50,50,0.01979291886815678,0.037932502646078003,-0.018139583777921225,-0.4782068809740596,-0.018139583777921225,-0.4782068809740596,0.003978148117564473,256,3,0.2,0.001,2048,0.01,False,False
154,0.9637213378337693,1.7921592192223332,2.73924169247039,0.9618592872049292,50,50,0.014344759754416896,0.03819571762296275,-0.023850957868545852,-0.6244406271923787,-0.023850957868545852,-0.6244406271923787,0.00288616796041663,256,3,0.1,0.001,2048,0.0001,False,False
188,0.9622145388641576,1.8698899436979497,2.7955488452961856,0.9617168490051521,50,50,0.024464465622793682,0.03833836127422116,-0.013873895651427479,-0.36188024710269323,-0.013873895651427479,-0.36188024710269323,0.005587101864997335,256,3,0.3,0.001,2048,0.01,False,False
156,0.9630941648987692,1.809822830735369,2.762817765725657,0.9617052584331423,48,50,0.014435080637576533,0.03858277849703174,-0.024147697859455208,-0.6258672599567432,-0.02339067609801994,-0.6099268541468351,0.002219921654119328,256,3,0.1,0.001,2048,0.01,False,False
186,0.9619030039644956,1.8889836641180493,2.80704960823221,0.9612760043982933,50,50,0.024434949981218635,0.03877984165719163,-0.014344891675972995,-0.36990588571195904,-0.014344891675972995,-0.36990588571195904,0.004157102880701369,256,3,0.3,0.001,2048,0.0001,False,False
107,0.9610988642275433,1.9349345375365212,2.836520079067844,0.9604953222221373,50,50,0.015411704492701695,0.03956164969918814,-0.024149945206486445,-0.6104382752011991,-0.024149945206486445,-0.6104382752011991,0.004553794421863433,256,2,0.1,0.001,2048,0.01,True,False
122,0.9598061028189332,1.9414399712477288,2.8832664607491574,0.9597891051629928,50,50,0.019640919639037344,0.04026888482376974,-0.020627965184732394,-0.5122556851277941,-0.020627965184732394,-0.5122556851277941,0.005358546587073132,256,2,0.2,0.001,2048,0.0001,False,False
123,0.9593416245376918,1.966485940615159,2.899878035728996,0.9594348628626834,49,50,0.019484568372235302,0.040985527283003566,-0.021500958910768263,-0.5245988117294412,-0.020718740846327018,-0.5100168691774368,0.0039774634006422005,256,2,0.2,0.001,2048,0.01,True,False
124,0.9599624606812657,1.9686939971681405,2.8776529136595257,0.9592627429030679,50,50,0.01973224664350607,0.040796006454718446,-0.021063759811212376,-0.5163191606656918,-0.021063759811212376,-0.5163191606656918,0.005051798081379788,256,2,0.2,0.001,2048,0.01,False,False
139,0.9590466104955522,1.997158297593993,2.9103796662898125,0.9591771046237125,50,50,0.02367348740423027,0.04088176837506266,-0.01720828097083239,-0.42092799932131153,-0.01720828097083239,-0.42092799932131153,0.005596151315093945,256,2,0.3,0.001,2048,0.01,True,False
105,0.9601556957545798,1.949032788703485,2.8707002381944435,0.9590137881392468,50,50,0.015329131012027276,0.04104532039272442,-0.02571618938069714,-0.626531578621945,-0.02571618938069714,-0.626531578621945,0.00400277753016498,256,2,0.1,0.001,2048,0.0001,True,False
121,0.9584430481214287,1.9957302826213343,2.931747504896283,0.9588939428363613,49,50,0.0196852330966133,0.04153640894435268,-0.021851175847739383,-0.5260728214856976,-0.021374856674792983,-0.5192440388461107,0.0037932632423544055,256,2,0.2,0.001,2048,0.0001,True,False
106,0.9597997016456297,1.9404365531843466,2.8834960422879448,0.9576804683315823,50,50,0.015395072349234361,0.04238056331144015,-0.026985490962205788,-0.6367421490813777,-0.026985490962205788,-0.6367421490813777,0.004111699570123695,256,2,0.1,0.001,2048,0.0001,False,False
137,0.9588332625668715,1.9974240887826988,2.9179506744607675,0.9575972384616278,50,50,0.023470317994234265,0.04246391198987534,-0.018993593995641076,-0.44728789943257496,-0.018993593995641076,-0.44728789943257496,0.0051148462475638645,256,2,0.3,0.001,2048,0.0001,True,False
108,0.9591137365283706,1.949403930165258,2.9079935101889482,0.9573641707189009,50,50,0.015693033882898406,0.04269731705707617,-0.027004283174177763,-0.6324585485799834,-0.027004283174177763,-0.6324585485799834,0.004650526755702211,256,2,0.1,0.001,2048,0.01,False,False
138,0.9590248542244642,1.978290493301964,2.911152625530985,0.9573420746779823,50,50,0.02331246138708005,0.04271944517448717,-0.019406983787407118,-0.45428922843308184,-0.019406983787407118,-0.45428922843308184,0.005243415285884789,256,2,0.3,0.001,2048,0.0001,False,False
159,0.9580262298446346,1.9981690447650513,2.9464136072482057,0.9570325099280779,50,50,0.02411841342925768,0.04302945575535528,-0.0189110423260976,-0.43949062320510535,-0.0189110423260976,-0.43949062320510535,0.008671414131330879,256,3,0.1,0.001,4096,0.01,True,False
140,0.9576785410634794,2.026401161724608,2.9585917154151677,0.9566344210271658,50,50,0.023868235823563594,0.04342811868905571,-0.019559882865492116,-0.4503967350172456,-0.019559882865492116,-0.4503967350172456,0.004839107851027813,256,2,0.3,0.001,2048,0.01,False,False
157,0.957428561967666,2.0122654728472833,2.967316570256985,0.9563570118294784,50,50,0.023775431889551963,0.04370592808015495,-0.019930496190602987,-0.4560135676343777,-0.019930496190602987,-0.4560135676343777,0.00798614545567422,256,3,0.1,0.001,4096,0.0001,True,False
173,0.9566004969814496,2.0345849312077577,2.9960364978944103,0.9557440588187455,50,50,0.031124497636344443,0.044319765040677556,-0.013195267404333112,-0.2977287310125005,-0.013195267404333112,-0.2977287310125005,0.009762972827751626,256,3,0.2,0.001,4096,0.0001,True,False
175,0.9551231438386972,2.091834498339111,3.0466034809858735,0.9552412244381077,50,50,0.032373755780087804,0.044823325644738315,-0.012449569864650512,-0.27774757195223715,-0.012449569864650512,-0.27774757195223715,0.010731909956104402,256,3,0.2,0.001,4096,0.01,True,False
189,0.9521292182220135,2.145996693240137,3.1465887204288747,0.9513961384235259,50,50,0.04003320897649891,0.04867395637531835,-0.00864074739881944,-0.17752301317344732,-0.00864074739881944,-0.17752301317344732,0.01375763811138897,256,3,0.3,0.001,4096,0.0001,True,False
191,0.9512020517760914,2.19174095254569,3.1769143214844253,0.9510387261272292,50,50,0.04108613563893253,0.04903188468087452,-0.007945749041941993,-0.16205269476499093,-0.007945749041941993,-0.16205269476499093,0.014118987544187944,256,3,0.3,0.001,4096,0.01,True,False
160,0.9509549808435998,2.155237752442709,3.1849467508726956,0.9501884826903577,50,50,0.02660803655253747,0.04988335369183342,-0.023275317139295953,-0.4665948741755596,-0.023275317139295953,-0.4665948741755596,0.011262420369283266,256,3,0.1,0.001,4096,0.01,False,False
158,0.9509312294911617,2.145295918392777,3.185717855031715,0.9499525679510671,50,50,0.02607613294810469,0.050119608773593435,-0.024043475825488745,-0.47972193745767133,-0.024043475825488745,-0.47972193745767133,0.009141601847390546,256,3,0.1,0.001,4096,0.0001,False,False
109,0.9492005380541684,2.2485815898034063,3.2414123143431643,0.9485291803785971,50,50,0.02725583239464143,0.05154504868197212,-0.02428921628733069,-0.47122307395988244,-0.02428921628733069,-0.47122307395988244,0.009879425513475093,256,2,0.1,0.001,4096,0.0001,True,False
176,0.9489775571008287,2.2195494601284853,3.2485185097117806,0.9473590396175724,49,50,0.03560396315232336,0.05303684232536208,-0.01743287917303872,-0.32869376095383346,-0.01607084352034445,-0.3048519612441772,0.010449946572303581,256,3,0.2,0.001,4096,0.01,False,False
125,0.9477062819037149,2.2989076620066027,3.288739558156386,0.9471246448963646,50,50,0.03306043823536872,0.05295160937289238,-0.01989117113752366,-0.37564809404464644,-0.01989117113752366,-0.37564809404464644,0.010105081484010348,256,2,0.2,0.001,4096,0.0001,True,False
174,0.9483161516517344,2.2456687676819826,3.26950603440486,0.9467390523496493,50,50,0.03531537460296335,0.053337758452975996,-0.018022383850012647,-0.3378916619809148,-0.018022383850012647,-0.3378916619809148,0.010070756853470586,256,3,0.2,0.001,4096,0.0001,False,False
111,0.9480445600111471,2.2816331866386514,3.278085184853702,0.9467369987746391,49,50,0.028068885282328496,0.05380579679991985,-0.025736911517591353,-0.47832971628123333,-0.02444236965018151,-0.4582387327290372,0.008231006253626494,256,2,0.1,0.001,4096,0.01,True,False
143,0.9448019217048296,2.377586028614523,3.3788327933780176,0.9457340451392268,50,50,0.03878228683582308,0.05434421544774592,-0.015561928611922841,-0.28635851090510717,-0.015561928611922841,-0.28635851090510717,0.012096388539800329,256,2,0.3,0.001,4096,0.01,True,False
127,0.946690497700107,2.308904062293311,3.3205271494388526,0.9454293421515021,50,50,0.03388391426614393,0.05464935672608323,-0.020765442459939304,-0.37997597234348235,-0.020765442459939304,-0.37997597234348235,0.009822060959366441,256,2,0.2,0.001,4096,0.01,True,False
141,0.9452110383724591,2.3537785105855247,3.366287902411335,0.9454112019821361,50,50,0.038396747892388824,0.054667523592126545,-0.01627077569973772,-0.29763147533686907,-0.01627077569973772,-0.29763147533686907,0.01045048582768593,256,2,0.3,0.001,4096,0.0001,True,False
190,0.9459709139516912,2.3084770246710127,3.342862643840957,0.9448081878540987,50,50,0.04304969015328674,0.05527140837315548,-0.01222171821986874,-0.22112188886803635,-0.01222171821986874,-0.22112188886803635,0.012828190338010192,256,3,0.3,0.001,4096,0.0001,False,False
192,0.9454633476741829,2.325994519928327,3.3585278918555512,0.94468718912289,50,50,0.043290021413219644,0.05539258121629928,-0.012102559803079636,-0.218487016443972,-0.012102559803079636,-0.218487016443972,0.014211314683857612,256,3,0.3,0.001,4096,0.01,False,False
110,0.9450265219880263,2.3367535454839232,3.371951572368911,0.9431130217063544,50,50,0.030623160178516046,0.056969017385381175,-0.02634585720686513,-0.46245939312314244,-0.02634585720686513,-0.46245939312314244,0.010505023835909899,256,2,0.1,0.001,4096,0.0001,False,False
126,0.9447898978042243,2.357451075277616,3.3792007820717793,0.94302404039873,50,50,0.036108622318249135,0.05705812834161942,-0.020949506023370285,-0.36716076450915175,-0.020949506023370285,-0.36716076450915175,0.012792265108048873,256,2,0.2,0.001,4096,0.0001,False,False
112,0.9441961052256899,2.373333824772644,3.3973240776043316,0.9419986507044749,49,50,0.030959119078290753,0.05847013404426697,-0.02751101496597622,-0.4705139712036232,-0.026087906552519288,-0.4491333093027403,0.009072419346830007,256,2,0.1,0.001,4096,0.01,False,False
128,0.9428505878747294,2.412363085729857,3.4380374666108287,0.9418274630516285,50,50,0.036597844616117495,0.05825643120156758,-0.021658586585450085,-0.3717801818396883,-0.021658586585450085,-0.3717801818396883,0.011478135631218467,256,2,0.2,0.001,4096,0.01,False,False
142,0.9410461119200689,2.459793044825356,3.4918931641209543,0.9403450940977383,50,50,0.04178529898794266,0.059740937169804186,-0.01795563818186153,-0.3005583613599074,-0.01795563818186153,-0.3005583613599074,0.01122093877764696,256,2,0.3,0.001,4096,0.0001,False,False
144,0.9414486506831918,2.4425753618456123,3.4799513733856555,0.9399695063419206,50,50,0.04230632247569067,0.060117067496370705,-0.017810745020680037,-0.2962676950560717,-0.017810745020680037,-0.2962676950560717,0.011760785368904347,256,2,0.3,0.001,4096,0.01,False,False
57,0.9410168217652479,2.4052912443854813,3.4927604978468008,0.9396069219062954,50,50,0.044050408273098515,0.06048017374109658,-0.016429765467998063,-0.2716553946807523,-0.016429765467998063,-0.2716553946807523,0.007527008490462173,128,3,0.1,0.001,2048,0.0001,True,False
59,0.9399052830686654,2.453794916372238,3.5255174484626304,0.9391932094841104,50,50,0.044434153618097084,0.06089448415761655,-0.016460330539519466,-0.27030905618502793,-0.016460330539519466,-0.27030905618502793,0.007674560534032038,128,3,0.1,0.001,2048,0.01,True,False
58,0.9392494551615623,2.4740981458354443,3.5447026516106277,0.9378951904835322,50,50,0.045231690089521596,0.06219437472691004,-0.016962684637388446,-0.27273663754752875,-0.016962684637388446,-0.27273663754752875,0.008366209552571169,128,3,0.1,0.001,2048,0.0001,False,False
60,0.9375876214663608,2.5051135491017518,3.5928582932529003,0.9363682134630408,49,50,0.0462177622154903,0.06388143611577142,-0.01766367390028112,-0.27650715097058076,-0.01659642459019297,-0.26044412095174674,0.0071711802878432485,128,3,0.1,0.001,2048,0.01,False,False
73,0.9379244778245253,2.5034777663416747,3.5831493648469714,0.9361731142953911,50,50,0.05576464032768831,0.06391893277295353,-0.008154292445265221,-0.12757241229652702,-0.008154292445265221,-0.12757241229652702,0.008818559800569337,128,3,0.2,0.001,2048,0.0001,True,False
75,0.9372553074826131,2.51771831967462,3.6024106608677786,0.9356721330776594,50,50,0.05673901849360422,0.06442063835633244,-0.007681619862728216,-0.11924159801457673,-0.007681619862728216,-0.11924159801457673,0.007291964106022286,128,3,0.2,0.001,2048,0.01,True,False
76,0.935798013625316,2.544668130119543,3.6440049149561777,0.9353222821178213,50,50,0.05749436269371412,0.06477099387673287,-0.007276631183018745,-0.11234397910995568,-0.007276631183018745,-0.11234397910995568,0.00901231623392007,128,3,0.2,0.001,2048,0.01,False,False
74,0.9361881834885337,2.536874619266233,3.632915323428287,0.9351792177894354,50,50,0.057050809248779616,0.06491426481497281,-0.007863455566193195,-0.12113601823276673,-0.007863455566193195,-0.12113601823276673,0.008711306873682267,128,3,0.2,0.001,2048,0.0001,False,False
11,0.9322138536661178,2.663851130330278,3.7443392801785973,0.9322469452141454,50,50,0.04928812049950686,0.0678507660828295,-0.018562645583322643,-0.2735804863376503,-0.018562645583322643,-0.2735804863376503,0.00836695408674315,128,2,0.1,0.001,2048,0.01,True,False
89,0.9328981551659491,2.610085694656871,3.7253917778443837,0.9319755558110691,50,50,0.06739815007954969,0.0681225452729305,-0.000724395193380814,-0.010633707100616265,-0.000724395193380814,-0.010633707100616265,0.010146306061108334,128,3,0.3,0.001,2048,0.0001,True,False
9,0.9320776373930881,2.6547727591605232,3.748099517299767,0.9305602103841041,50,50,0.04903368307270554,0.06953993203886268,-0.020506248966157138,-0.29488451260920323,-0.020506248966157138,-0.29488451260920323,0.007229540390267464,128,2,0.1,0.001,2048,0.0001,True,False
91,0.9311403053812582,2.6534557600261595,3.7738728842273552,0.9305447047911695,50,50,0.06843241005109327,0.06955546061616773,-0.0011230505650744599,-0.016146116424587575,-0.0011230505650744599,-0.016146116424587575,0.011089530975944561,128,3,0.3,0.001,2048,0.01,True,False
27,0.9302620269089876,2.7014159496154218,3.7978637643337354,0.9302057802579103,50,50,0.05750368087028176,0.06989487446410493,-0.012391193593823173,-0.1772832942161842,-0.012391193593823173,-0.1772832942161842,0.009520345065206604,128,2,0.2,0.001,2048,0.01,True,False
90,0.9307255335970486,2.653278029933566,3.785221656223351,0.9302019223522927,50,50,0.0679783687072123,0.06989873784368367,-0.001920369136471367,-0.02747358816071812,-0.001920369136471367,-0.02747358816071812,0.011165794699568243,128,3,0.3,0.001,2048,0.0001,False,False
25,0.9302590565329396,2.7116175773041,3.7979446454013708,0.9298285944381116,50,50,0.05698326455130916,0.07027260218321621,-0.013289337631907053,-0.18911122142963785,-0.013289337631907053,-0.18911122142963785,0.008921093014037096,128,2,0.2,0.001,2048,0.0001,True,False
92,0.9292078596054361,2.6846016744744383,3.8264605764380164,0.9291672130089174,50,50,0.06883502416274555,0.07093493908324776,-0.0020999149205022105,-0.02960339358348915,-0.0020999149205022105,-0.02960339358348915,0.01059170711333246,128,3,0.3,0.001,2048,0.01,False,False
10,0.9297588082407011,2.7058427016244333,3.811541539807009,0.9280043763540525,50,50,0.052222384984881916,0.07209945203979638,-0.019877067054914467,-0.2756895717313222,-0.019877067054914467,-0.2756895717313222,0.009436305670896927,128,2,0.1,0.001,2048,0.0001,False,False
43,0.9265684428169647,2.774646657928043,3.897140743880234,0.9271237488014759,50,50,0.06523723902012311,0.07298135030999088,-0.007744111289867767,-0.10611082498438819,-0.007744111289867767,-0.10611082498438819,0.010337209794661129,128,2,0.3,0.001,2048,0.01,True,False
12,0.9284668516538715,2.735152306109654,3.8464349435131076,0.9271151821112777,50,50,0.053102146082780764,0.07298992955164367,-0.019887783468862906,-0.27247297799885395,-0.019887783468862906,-0.27247297799885395,0.009249042599944524,128,2,0.1,0.001,2048,0.01,False,False
41,0.9261125995280389,2.7837863841773247,3.9092182284170716,0.9267715091611948,50,50,0.06483109827412245,0.07333409819686823,-0.00850299992274578,-0.11594878960560948,-0.00850299992274578,-0.11594878960560948,0.009899085915133998,128,2,0.3,0.001,2048,0.0001,True,False
26,0.9268026441978844,2.7635870912378038,3.890921042897197,0.9253706592333025,50,50,0.05978519701716255,0.07473696748122081,-0.014951770464058267,-0.20005856496405483,-0.014951770464058267,-0.20005856496405483,0.009760590839300476,128,2,0.2,0.001,2048,0.0001,False,False
28,0.9254674102858258,2.794521908695644,3.9262488958249904,0.9246325055868231,49,50,0.060933266476554185,0.0754808469959301,-0.014547580519375922,-0.19273207837956985,-0.013240129843687574,-0.1754212903209063,0.010385541251291208,128,2,0.2,0.001,2048,0.01,False,False
42,0.9235948397102595,2.819345784426624,3.975264836161471,0.9231247935037125,50,50,0.0681021587254869,0.07698607184598896,-0.00888391312050206,-0.1153963685570862,-0.00888391312050206,-0.1153963685570862,0.010106553374707228,128,2,0.3,0.001,2048,0.0001,False,False
44,0.9234308979086657,2.8283983800131227,3.979527394201325,0.9229865300997231,50,50,0.06933952449799648,0.07712453524294349,-0.007785010744947016,-0.1009407800050154,-0.007785010744947016,-0.1009407800050154,0.010139803748361764,128,2,0.3,0.001,2048,0.01,False,False
63,0.9216479491301858,2.844065857961646,4.0255933854631225,0.9210512387091057,50,50,0.06791653644857995,0.07906261737557384,-0.011146080926993887,-0.14097788938666525,-0.011146080926993887,-0.14097788938666525,0.014433866638717374,128,3,0.1,0.001,4096,0.01,True,False
61,0.9210828028334004,2.868858752815335,4.040085421513918,0.920279346603943,50,50,0.0689382031541401,0.07983562335455248,-0.010897420200412372,-0.13649821649186092,-0.010897420200412372,-0.13649821649186092,0.01474879627281922,128,3,0.1,0.001,4096,0.0001,True,False
64,0.9156534161387281,2.9770555391509292,4.176749895606474,0.9152545542634739,50,50,0.07410714726715627,0.08486766181266676,-0.010760514545510497,-0.12679169327491072,-0.010760514545510497,-0.12679169327491072,0.015330212259443865,128,3,0.1,0.001,4096,0.01,False,False
77,0.914495508560208,2.982083575327538,4.205321326617066,0.9145233565604689,49,50,0.08256726308974963,0.08622029178063842,-0.0036530286908887932,-0.04236854939186271,-0.001506441530597133,-0.017598633589141644,0.013743616792685098,128,3,0.2,0.001,4096,0.0001,True,False
62,0.9138960655130993,2.9838608800992485,4.220036622853867,0.913599632984138,50,50,0.07404048383837233,0.0865249703245999,-0.012484486486227561,-0.14428767140158266,-0.012484486486227561,-0.14428767140158266,0.014053194638008804,128,3,0.1,0.001,4096,0.0001,False,False
79,0.9143314893917508,3.00049287920454,4.209352827373221,0.9127849609741039,50,50,0.08265097741533403,0.08734081848725223,-0.004689841071918194,-0.05369586813069191,-0.004689841071918194,-0.05369586813069191,0.014399341653672737,128,3,0.2,0.001,4096,0.01,True,False
13,0.9088506888002384,3.1260563216677646,4.341915998588476,0.9091355569873665,50,50,0.07746544036043451,0.09099548487535744,-0.013530044514922929,-0.14868918533107361,-0.013530044514922929,-0.14868918533107361,0.016241871615446324,128,2,0.1,0.001,4096,0.0001,True,False
78,0.9093237741070657,3.073748307948171,4.330633582518243,0.9089847204494883,50,50,0.08672438735020524,0.09114653933966518,-0.004422151989459944,-0.04851694887702127,-0.004422151989459944,-0.04851694887702127,0.013616995089719808,128,3,0.2,0.001,4096,0.0001,False,False
80,0.9080762556357864,3.083663371485359,4.360322125959839,0.9089707783010442,50,50,0.08730562361534557,0.09116049982582247,-0.003854876210476907,-0.04228669454250798,-0.003854876210476907,-0.04228669454250798,0.014057053962061361,128,3,0.2,0.001,4096,0.01,False,False
15,0.908190653099221,3.1615110124470758,4.357608109679085,0.9081660173551138,50,50,0.07870297552322632,0.09196642266239281,-0.013263447139166495,-0.14422054001009027,-0.013263447139166495,-0.14422054001009027,0.015574268151521964,128,2,0.1,0.001,4096,0.01,True,False
95,0.9049337638219155,3.173813380100499,4.434226483228905,0.9048089247679793,50,50,0.09724770016885353,0.09532835499441057,0.001919345174442963,0.020134042746835407,0.001919345174442963,0.020134042746835407,0.016344039226525275,128,3,0.3,0.001,4096,0.01,True,False
31,0.9049389709907905,3.186867024457601,4.434105041152066,0.9044283798227989,50,50,0.08706994681184814,0.09570945178786508,-0.00863950497601694,-0.09026804369505682,-0.00863950497601694,-0.09026804369505682,0.013810039362350479,128,2,0.2,0.001,4096,0.01,True,False
29,0.90543052632888,3.2011775831084486,4.422625926144717,0.9044262125690069,50,50,0.0859020055268361,0.09571161949043455,-0.009809613963598446,-0.10249135910377968,-0.009809613963598446,-0.10249135910377968,0.014446405474338064,128,2,0.2,0.001,4096,0.0001,True,False
94,0.9028564372449347,3.1898487112682603,4.4824116182331055,0.9042767388982218,50,50,0.09808181689270823,0.09586130926468082,0.0022205076280274044,0.023163752352853884,0.0022205076280274044,0.023163752352853884,0.014228987557936001,128,3,0.3,0.001,4096,0.0001,False,False
93,0.9062842127108087,3.1334742416494312,4.40261896950344,0.9042226936083527,50,50,0.09717790406641733,0.09591543213867113,0.0012624719277462004,0.013162344156683393,0.0012624719277462004,0.013162344156683393,0.01652725254075038,128,3,0.3,0.001,4096,0.0001,True,False
96,0.9011732752710376,3.2252135608999577,4.521077197823712,0.9019774823348498,50,50,0.09939250094373235,0.09816388171916769,0.0012286192245646588,0.012516000824820234,0.0012286192245646588,0.012516000824820234,0.012587282329226013,128,3,0.3,0.001,4096,0.01,False,False
45,0.9020427262821971,3.244232536262299,4.501145650736107,0.9012934866089344,50,50,0.09421092192562502,0.09884886382961094,-0.00463794190398592,-0.04691952668247654,-0.00463794190398592,-0.04691952668247654,0.015375399522846167,128,2,0.3,0.001,4096,0.0001,True,False
47,0.900465765118212,3.2624404696688596,4.537231752494416,0.900431593903749,50,50,0.09527851186248143,0.09971199821892601,-0.0044334863564445826,-0.04446291755893301,-0.0044334863564445826,-0.04446291755893301,0.014337039516946315,128,2,0.3,0.001,4096,0.01,True,False
14,0.8955085744073807,3.3729162602230605,4.648844811062268,0.8950468593106888,50,50,0.09250214029735437,0.10510450054698366,-0.012602360249629282,-0.11990314576487421,-0.012602360249629282,-0.11990314576487421,0.016653297698068226,128,2,0.1,0.001,4096,0.0001,False,False
30,0.8947709530582751,3.3551764724263107,4.665224417387992,0.8940513439177175,50,50,0.09833290269602948,0.10610145202934584,-0.00776854933331636,-0.07321812458483332,-0.00776854933331636,-0.07321812458483332,0.015844054397694873,128,2,0.2,0.001,4096,0.0001,False,False
32,0.8941547192728535,3.3918996052203974,4.678864530890915,0.8936286387530581,50,50,0.10013599652925542,0.10652476654087502,-0.006388770011619596,-0.05997450376169693,-0.006388770011619596,-0.05997450376169693,0.015915224280404372,128,2,0.2,0.001,4096,0.01,False,False
16,0.8942685202163179,3.3964050255120775,4.676348583125397,0.8936062919898007,50,50,0.09450984801758565,0.10654714662528328,-0.01203729860769763,-0.11297626439525148,-0.01203729860769763,-0.11297626439525148,0.01643973709692559,128,2,0.1,0.001,4096,0.01,False,False
46,0.8932308832476095,3.37963469098529,4.699239141023602,0.8928770245991702,50,50,0.10314591036231573,0.10727746474725222,-0.004131554384936495,-0.03851278919268382,-0.004131554384936495,-0.03851278919268382,0.015603969033874954,128,2,0.3,0.001,4096,0.0001,False,False
48,0.893050120365785,3.377851829953003,4.703215425575704,0.892221511348601,50,50,0.10410286786753765,0.10793392164830123,-0.0038310537807635797,-0.03549443698753881,-0.0038310537807635797,-0.03549443698753881,0.016008115189764194,128,2,0.3,0.001,4096,0.01,False,False
145,0.8423918616324502,4.201725115246144,5.709446938668888,0.8439657979582516,50,50,0.15993277578459517,0.15625923030594424,0.0036735454786509247,0.023509302275829654,0.0036735454786509247,0.023509302275829654,0.026510295471370626,256,3,0.1,0.0001,2048,0.0001,True,False
147,0.8419410854059861,4.2113790776372815,5.717605925087063,0.8434920486288536,50,50,0.16062063414372799,0.15673366212974585,0.0038869720139821373,0.024799854486679825,0.0038869720139821373,0.024799854486679825,0.02676217443604334,256,3,0.1,0.0001,2048,0.01,True,False
161,0.8391785806435286,4.246232336902372,5.76735476584681,0.840958358868695,50,50,0.16746017447219064,0.15927100593783125,0.008189168534359387,0.05141656817032907,0.008189168534359387,0.05141656817032907,0.026336271588833227,256,3,0.2,0.0001,2048,0.0001,True,False
163,0.8385859904337539,4.255005173344313,5.777970688248802,0.840430385952523,50,50,0.16811214273300837,0.15979973729767702,0.00831240543533135,0.05201764142982847,0.00831240543533135,0.05201764142982847,0.026443971882350592,256,3,0.2,0.0001,2048,0.01,True,False
177,0.833084245878982,4.323231904463547,5.875615745339579,0.8350949280262752,50,50,0.1752430945582584,0.16514289093315082,0.010100203625107579,0.06116039006000023,0.010100203625107579,0.06116039006000023,0.024362483417395442,256,3,0.3,0.0001,2048,0.0001,True,False
179,0.8325265699052914,4.3309956498721425,5.8854229603783486,0.8345915964054667,50,50,0.17579456123424098,0.1656469489606087,0.010147612273632284,0.06126048404335787,0.010147612273632284,0.06126048404335787,0.02447535615625196,256,3,0.3,0.0001,2048,0.01,True,False
162,0.8314681035279515,4.309910514593705,5.903992205466039,0.8343401966922465,50,50,0.17242508132145495,0.1658987105546808,0.006526370766774148,0.03933949061420241,0.006526370766774148,0.03933949061420241,0.017471533601125522,256,3,0.2,0.0001,2048,0.0001,False,False
164,0.8311499427459597,4.314707996224972,5.90956246579923,0.8341896329768893,50,50,0.17269453589506165,0.1660494894041482,0.006645046490913437,0.040018469883638386,0.006645046490913437,0.040018469883638386,0.01728450819118954,256,3,0.2,0.0001,2048,0.01,False,False
146,0.8293650026600522,4.344464726539597,5.940715800247161,0.8330925164998393,50,50,0.17033642087227172,0.16714819109806403,0.003188229774207685,0.019074270282333987,0.003188229774207685,0.019074270282333987,0.01726663458548028,256,3,0.1,0.0001,2048,0.0001,False,False
148,0.8292239944662969,4.350353490909857,5.943169917597255,0.8328284713829635,50,50,0.170554870894214,0.1674126173039029,0.003142253590311117,0.018769514752923357,0.003142253590311117,0.018769514752923357,0.017452872846961842,256,3,0.1,0.0001,2048,0.01,False,False
178,0.8263650397386805,4.385413057478581,5.992710631129565,0.8303038703611968,50,50,0.1785146928712804,0.1699408586407246,0.008573834230555799,0.050451870722166434,0.008573834230555799,0.050451870722166434,0.01645663282642207,256,3,0.3,0.0001,2048,0.0001,False,False
180,0.8263634433305366,4.388866705286876,5.992738179700577,0.8301566160652025,50,50,0.17863617149268843,0.17008832529283965,0.008547846199848774,0.050255337543785084,0.008547846199848774,0.050255337543785084,0.01637458113000201,256,3,0.3,0.0001,2048,0.01,False,False
97,0.8208098070037133,4.542206000214194,6.08782051946546,0.8221364806147806,50,50,0.1804107310031182,0.17812003024821124,0.002290700754906949,0.012860433224241232,0.002290700754906949,0.012860433224241232,0.020857023313312073,256,2,0.1,0.0001,2048,0.0001,True,False
99,0.8201953413123972,4.548517134215193,6.098249537334447,0.8215616506900969,50,50,0.1811122203389268,0.17869568581172163,0.0024165345272051664,0.013523183373051823,0.0024165345272051664,0.013523183373051823,0.02083750976540666,256,2,0.1,0.0001,2048,0.01,True,False
113,0.8170210558093399,4.583402172585963,6.151843521161398,0.818463534939504,50,50,0.18536777485289566,0.1817982675201319,0.0035695073327637605,0.01963444086379141,0.0035695073327637605,0.01963444086379141,0.021135344353862662,256,2,0.2,0.0001,2048,0.0001,True,False
115,0.8166011812847563,4.587512805211205,6.158897672404216,0.8179156761814675,50,50,0.18580113115636812,0.18234691776993195,0.0034542133864361724,0.018943086226411412,0.0034542133864361724,0.018943086226411412,0.020848695816873763,256,2,0.2,0.0001,2048,0.01,True,False
129,0.8137402605845308,4.6269665299217175,6.206749487167402,0.81514832218972,50,50,0.18955021711830605,0.18511826327923972,0.004431953839066333,0.02394120256185095,0.004431953839066333,0.02394120256185095,0.020984620356622408,256,2,0.3,0.0001,2048,0.0001,True,False
131,0.8131127986924218,4.636246110849428,6.217195180926056,0.8145811501019633,50,50,0.19015074271042798,0.1856862519915067,0.004464490718921271,0.024043194749417837,0.004464490718921271,0.024043194749417837,0.020963836161998484,256,2,0.3,0.0001,2048,0.01,True,False
114,0.8094965241314962,4.657828018918896,6.277058462618595,0.8133252979676235,50,50,0.1946340453165463,0.1869439159709598,0.007690129345586494,0.04113602363385333,0.007690129345586494,0.04113602363385333,0.019474883475290694,256,2,0.2,0.0001,2048,0.0001,False,False
116,0.8090553883261208,4.663376767391045,6.284321936591572,0.8129250181799019,50,50,0.19516970992970634,0.18734477319353174,0.007824936736174598,0.04176757431119387,0.007824936736174598,0.04176757431119387,0.01974083339232624,256,2,0.2,0.0001,2048,0.01,False,False
130,0.8079825944597225,4.682710262491994,6.301950973233838,0.8124510872985105,50,50,0.1967668012189552,0.18781938702242298,0.008947414196532222,0.04763839526035737,0.008947414196532222,0.04763839526035737,0.019033323557972714,256,2,0.3,0.0001,2048,0.0001,False,False
98,0.8084820980723326,4.688039665226327,6.293748859744796,0.8123539335320402,50,50,0.19376061803494224,0.1879166819617622,0.005843936073180039,0.03109854863427814,0.005843936073180039,0.03109854863427814,0.0198795042675024,256,2,0.1,0.0001,2048,0.0001,False,False
132,0.8076222720074038,4.68844169802175,6.307861036848689,0.8120277188132304,50,50,0.1971572568221913,0.18824337147224984,0.008913885349941447,0.04735298396021079,0.008913885349941447,0.04735298396021079,0.01913834417900062,256,2,0.3,0.0001,2048,0.01,False,False
100,0.80802832305484,4.694546877520059,6.30120052948348,0.8118795958035261,50,50,0.1942858208107002,0.1883917036007456,0.005894117209954586,0.03128650093024191,0.005894117209954586,0.03128650093024191,0.020009045701809725,256,2,0.1,0.0001,2048,0.01,False,False
65,0.7884818821454264,4.935634660652338,6.614218050754799,0.7933098033729653,50,50,0.2201216609018694,0.20698827761078425,0.013133383291085154,0.0634498892530564,0.013133383291085154,0.0634498892530564,0.02211855567942489,128,3,0.2,0.0001,2048,0.0001,True,False
49,0.789079253434019,4.953391610802188,6.6048714811556,0.7931823252343688,50,50,0.21683813357214507,0.20711593781860366,0.009722195753541413,0.046940838334017104,0.009722195753541413,0.046940838334017104,0.020976844839319275,128,3,0.1,0.0001,2048,0.0001,True,False
51,0.788984155089171,4.949852576590366,6.60636029051253,0.7929507810360014,50,50,0.21712088300760413,0.20734781619319576,0.009773066814408371,0.04713368577415999,0.009773066814408371,0.04713368577415999,0.02128447613357809,128,3,0.1,0.0001,2048,0.01,True,False
67,0.7879352928307304,4.943456164313114,6.622758520926627,0.7927486348612608,50,50,0.2206729550975707,0.20755025250002962,0.013122702597541086,0.06322662795863962,0.013122702597541086,0.06322662795863962,0.0221109286220168,128,3,0.2,0.0001,2048,0.01,True,False
50,0.7869620914611266,4.980702044056351,6.637937614248069,0.7912305190096811,50,50,0.21809932170709456,0.20907055958709336,0.0090287621200012,0.043185239173954816,0.0090287621200012,0.043185239173954816,0.016503056984523923,128,3,0.1,0.0001,2048,0.0001,False,False
52,0.7866615520341449,4.983559388599791,6.642618140092525,0.7910367006265879,50,50,0.2184039964952418,0.209264658740935,0.009139337754306809,0.04367358449006483,0.009139337754306809,0.04367358449006483,0.016388568543271198,128,3,0.1,0.0001,2048,0.01,False,False
150,0.7865898074492903,4.93868718014025,6.6437349847704095,0.79077823995966,50,50,0.21811549827260845,0.20952349394087172,0.008592004331736736,0.041007355166392125,0.008592004331736736,0.041007355166392125,0.02899591065364937,256,3,0.1,0.0001,4096,0.0001,False,False
152,0.7862881166718547,4.944525537506024,6.64842933811224,0.7903957208837533,50,50,0.21844400310999018,0.2099065602386737,0.00853744287131647,0.040672587181691665,0.00853744287131647,0.040672587181691665,0.02900383791272587,256,3,0.1,0.0001,4096,0.01,False,False
168,0.7841825682076172,4.973405990218944,6.681100145377139,0.7895241948861802,50,50,0.22112933744130217,0.21077934510102814,0.010349992340274033,0.04910344671254768,0.010349992340274033,0.04910344671254768,0.029162075674316834,256,3,0.2,0.0001,4096,0.01,False,False
166,0.7843471873912005,4.98154374355035,6.678551586038975,0.789511365706999,50,50,0.22114017727989096,0.21079219569797836,0.010347981581912608,0.04909091414721599,0.010347981581912608,0.04909091414721599,0.029680107626890773,256,3,0.2,0.0001,4096,0.0001,False,False
81,0.7847667530065369,4.981573207460959,6.672051659586514,0.7893772696852183,50,50,0.22690306849714356,0.21092648056584207,0.015976587931301495,0.07574481823449522,0.015976587931301495,0.07574481823449522,0.023019231863870115,128,3,0.3,0.0001,2048,0.0001,True,False
66,0.7851773835290106,5.0033816492311685,6.665684018677748,0.7887881347739204,50,50,0.22327507941494393,0.21151646520456696,0.011758614210376966,0.055591956867304344,0.011758614210376966,0.055591956867304344,0.019460416893749777,128,3,0.2,0.0001,2048,0.0001,False,False
83,0.7841401205458902,4.989596571311806,6.681757143130417,0.7887641159919001,50,50,0.22748018534267345,0.2115405185003692,0.015939666842304245,0.07535041965152613,0.015939666842304245,0.07535041965152613,0.02302329177295137,128,3,0.3,0.0001,2048,0.01,True,False
68,0.7843461784405152,5.008923564696347,6.6785672091167285,0.7878771184306534,50,50,0.22403908163109676,0.21242879657712238,0.011610285053974378,0.05465494905140725,0.011610285053974378,0.05465494905140725,0.019089062698171455,128,3,0.2,0.0001,2048,0.01,False,False
182,0.7813431554267982,5.0245817695626815,6.7249066438707565,0.7856366449553535,50,50,0.2257790775538676,0.21467249723960957,0.011106580314258041,0.051737322931783306,0.011106580314258041,0.051737322931783306,0.02520028123996243,256,3,0.3,0.0001,4096,0.0001,False,False
184,0.7810915672774996,5.02836192962332,6.728774394774615,0.7854347395867852,50,50,0.22599767753303632,0.214874699004115,0.011122978528921329,0.05176495222784846,0.011122978528921329,0.05176495222784846,0.02499486140381557,256,3,0.3,0.0001,4096,0.01,False,False
82,0.7806335781510393,5.049217239758007,6.735809517418826,0.7841947230170265,50,50,0.2301612058704631,0.21611650298017315,0.014044702890289945,0.06498672103526693,0.014044702890289945,0.06498672103526693,0.017743774958946412,128,3,0.3,0.0001,2048,0.0001,False,False
84,0.7801187848859846,5.056465058319106,6.743708441465671,0.7836761164800623,50,50,0.23065550753583589,0.21663585653830367,0.014019650997532218,0.064715284078808,0.014019650997532218,0.064715284078808,0.01778356798993963,128,3,0.3,0.0001,2048,0.01,False,False
149,0.775989757775341,5.121476250962785,6.806732121970356,0.780010213933608,50,50,0.22954464832070276,0.22030704644162383,0.009237601879078933,0.041930578382687725,0.009237601879078933,0.041930578382687725,0.030424444290347408,256,3,0.1,0.0001,4096,0.0001,True,False
151,0.7756434164736616,5.126295447633474,6.811992019758459,0.7796392331779927,50,50,0.23001754224937931,0.2206785628010704,0.009338979448308915,0.04231937769473101,0.009338979448308915,0.04231937769473101,0.030572676419966305,256,3,0.1,0.0001,4096,0.01,True,False
1,0.774296822145013,5.207097474325424,6.832404317661581,0.7778484151372137,50,50,0.22994069471865028,0.22247196230480654,0.007468732413843743,0.03357156711554919,0.007468732413843743,0.03357156711554919,0.023746287166097946,128,2,0.1,0.0001,2048,0.0001,True,False
3,0.7737017618349489,5.215630832247245,6.841405113363764,0.7772484220726815,50,50,0.230571684312787,0.22307282087921404,0.00749886343357295,0.03361621287621282,0.00749886343357295,0.03361621287621282,0.023473614544255228,128,2,0.1,0.0001,2048,0.01,True,False
17,0.7708236876394159,5.221694192453947,6.88477235691186,0.7748080392272524,50,50,0.23495396358287973,0.22551672406309015,0.009437239519789586,0.04184718254930593,0.009437239519789586,0.04184718254930593,0.025366069995003904,128,2,0.2,0.0001,2048,0.0001,True,False
165,0.7699798808717163,5.197393234679046,6.897435270961325,0.7747750980328953,50,50,0.23754838815525875,0.22554971448616748,0.01199867366909127,0.05319746777966826,0.01199867366909127,0.05319746777966826,0.03162406809697327,256,3,0.2,0.0001,4096,0.0001,True,False
167,0.7694888578641602,5.201702103110498,6.904793309692656,0.7742707445495483,50,50,0.23801883518845524,0.22605479863070713,0.011964036557748109,0.052925381943751945,0.011964036557748109,0.052925381943751945,0.031444668670035814,256,3,0.2,0.0001,4096,0.01,True,False
19,0.7700208718825547,5.233908244900627,6.896820660721296,0.7740786076185585,50,50,0.23574171465463456,0.22624720708653406,0.009494507568100496,0.04196519236796182,0.009494507568100496,0.04196519236796182,0.025194561711380015,128,2,0.2,0.0001,2048,0.01,True,False
181,0.7664482718456532,5.264047304504717,6.950183388573135,0.7711795128890553,50,50,0.24194655389802516,0.22915048442648975,0.012796069471535415,0.05584133720494196,0.012796069471535415,0.05584133720494196,0.029574068154933686,256,3,0.3,0.0001,4096,0.0001,True,False
183,0.7659120605621966,5.271432657406358,6.95815727548477,0.770645115749105,50,50,0.24252846612554096,0.229685649289603,0.012842816835937965,0.055914755125797536,0.012842816835937965,0.055914755125797536,0.029792597526442144,256,3,0.3,0.0001,4096,0.01,True,False
33,0.7666384728248206,5.283115719866592,6.94735275026815,0.7702140780043644,50,50,0.24035962241418635,0.23011730878653106,0.010242313627655292,0.04450909704126864,0.010242313627655292,0.04450909704126864,0.02487791856892707,128,2,0.3,0.0001,2048,0.0001,True,False
35,0.7659866061650091,5.293426235280142,6.95704927023777,0.7695026425588579,50,50,0.24107824108753426,0.23082977274777644,0.010248468339757816,0.044398381620191316,0.010248468339757816,0.044398381620191316,0.025010056236114186,128,2,0.3,0.0001,2048,0.01,True,False
101,0.7664724198024981,5.263377983882348,6.949824074025719,0.7689338176850439,50,50,0.23702541120837245,0.23139941846229028,0.005625992746082165,0.02431290788658139,0.005625992746082165,0.02431290788658139,0.024977354570874466,256,2,0.1,0.0001,4096,0.0001,True,False
103,0.765976157558351,5.267871504462618,6.9572045832708005,0.7684302930573186,50,50,0.23737049259211218,0.23190367046883464,0.005466822123277537,0.023573676571075314,0.005466822123277537,0.023573676571075314,0.02492137753970458,256,2,0.1,0.0001,4096,0.01,True,False
117,0.7652056113935011,5.277972606452217,6.968648805633852,0.7677295960084344,50,50,0.24020874128114383,0.2326053766106433,0.007603364670500545,0.03268782855018769,0.007603364670500545,0.03268782855018769,0.025682365802918494,256,2,0.2,0.0001,4096,0.0001,True,False
119,0.7648539377573657,5.2838754263632985,6.973865653251702,0.7673833127376559,50,50,0.24059578961824402,0.23295215733043695,0.007643632287807067,0.032812026191990834,0.007643632287807067,0.032812026191990834,0.025684153250493225,256,2,0.2,0.0001,4096,0.01,True,False
133,0.7620659501963871,5.3263601688835776,7.015086327889631,0.765089814248194,50,50,0.24441991849736053,0.23524896357161543,0.0091709549257451,0.03898403965955515,0.0091709549257451,0.03898403965955515,0.025345941562193053,256,2,0.3,0.0001,4096,0.0001,True,False
135,0.7619090628709141,5.328482052483513,7.017398726576835,0.7649280945003886,50,50,0.24454284393469655,0.2354109186877961,0.009131925246900457,0.0387914260638492,0.009131925246900457,0.0387914260638492,0.025502230648964175,256,2,0.3,0.0001,4096,0.01,True,False
2,0.7594931603670827,5.419142577444724,7.052911547588019,0.7645090681892281,50,50,0.24261678431840897,0.23583054660039404,0.006786237718014926,0.02877590632698634,0.006786237718014926,0.02877590632698634,0.020616624820301466,128,2,0.1,0.0001,2048,0.0001,False,False
4,0.7587314237871168,5.4296908304648355,7.06407175725104,0.7637634099339783,50,50,0.24337803427885385,0.23657728121991767,0.006800753058936182,0.02874643340166858,0.006800753058936182,0.02874643340166858,0.020613165485100393,128,2,0.1,0.0001,2048,0.01,False,False
18,0.757936612438806,5.4213578728138385,7.075697780078859,0.7627172328655147,50,50,0.24715886528069286,0.23762496830011992,0.009533896980572942,0.04012161284554764,0.009533896980572942,0.04012161284554764,0.02239338826565407,128,2,0.2,0.0001,2048,0.0001,False,False
20,0.7573397897394145,5.42997328907577,7.084415201816219,0.7621199095005023,50,50,0.24774697057606082,0.23822315167459096,0.00952381890146986,0.03997856142243994,0.00952381890146986,0.03997856142243994,0.02254785729680797,128,2,0.2,0.0001,2048,0.01,False,False
34,0.7551867800238448,5.462366510308442,7.115774136283596,0.7597592204131542,50,50,0.2504599263729104,0.24058724507929866,0.009872681293611768,0.04103576351421991,0.009872681293611768,0.04103576351421991,0.021421625358933882,128,2,0.3,0.0001,2048,0.0001,False,False
36,0.7546509688390929,5.468058709341306,7.123556860343736,0.7592421002271971,50,50,0.2510351804890042,0.24110511219189695,0.009930068297107242,0.04118563976861612,0.009930068297107242,0.04118563976861612,0.02154755677038034,128,2,0.3,0.0001,2048,0.01,False,False
102,0.7477597382867387,5.4900235408907525,7.222905380681648,0.7521957290063265,50,50,0.2537122813655095,0.24816164674552735,0.005550634619982148,0.022367012359786363,0.005550634619982148,0.022367012359786363,0.02713452002120542,256,2,0.1,0.0001,4096,0.0001,False,False
104,0.7473589301592278,5.49626288689249,7.228641677576244,0.7517828147031778,50,50,0.2541446187720476,0.24857515511801198,0.0055694636540356,0.022405552362590207,0.0055694636540356,0.022405552362590207,0.027324496075826987,256,2,0.1,0.0001,4096,0.01,False,False
118,0.7465931981849554,5.554794016594888,7.239588065346522,0.7509605174596607,49,50,0.255778345881599,0.25415452368864094,0.0016238221929580354,0.006389113872107757,0.00781398928716076,0.031331323560500356,0.019617861813181925,256,2,0.2,0.0001,4096,0.0001,False,False
134,0.7467912272453693,5.557854766191262,7.236758762800363,0.750900410995845,49,50,0.2559637989712286,0.252732254686643,0.003231544284585608,0.012786433961871334,0.008530222753323324,0.03419491209023738,0.022929084392885213,256,2,0.3,0.0001,4096,0.0001,False,False
120,0.7462429549065561,5.555738962390869,7.244589394240661,0.750584558159314,49,50,0.25621358127939464,0.25435443092010723,0.0018591503592874092,0.007309290239458689,0.00780934377359635,0.03126549661545093,0.01974581722969515,256,2,0.2,0.0001,4096,0.01,False,False
136,0.7463570450401243,5.565301749870654,7.242960613657102,0.7504576924631817,49,50,0.2563458764879294,0.25360341234941014,0.0027424641385192516,0.010813987529240083,0.008437106763990287,0.03376163679158543,0.022363798552297975,256,2,0.3,0.0001,4096,0.01,False,False
54,0.7412374773865086,5.627223893968141,7.315691946723957,0.7446379998573572,50,50,0.26406842373508876,0.2557302732483781,0.00833815048671066,0.032605253890344965,0.00833815048671066,0.032605253890344965,0.020893358335309364,128,3,0.1,0.0001,4096,0.0001,False,False
56,0.7410764387972646,5.62759550037057,7.317968021054878,0.7444538936517786,50,50,0.2643514795498041,0.25591464567826927,0.008436833871534821,0.032967374138256386,0.008436833871534821,0.032967374138256386,0.020963472777495995,128,3,0.1,0.0001,4096,0.01,False,False
70,0.7402378051071192,5.617250287851478,7.329809610776295,0.7431412877265009,50,50,0.26866824722564614,0.25722913965382244,0.011439107571823703,0.044470496566673554,0.011439107571823703,0.044470496566673554,0.022552642436449943,128,3,0.2,0.0001,4096,0.0001,False,False
72,0.7399823909086967,5.619091762290267,7.333412285663186,0.7428813715153526,50,50,0.26893826693770295,0.2574894353010688,0.011448831636634127,0.044463306322636544,0.011448831636634127,0.044463306322636544,0.022515904251011576,128,3,0.2,0.0001,4096,0.01,False,False
86,0.7400729847129328,5.628696975520329,7.3321346422034885,0.7424417794309202,50,50,0.27102727849853636,0.25792966201524836,0.013097616483288,0.05077979934899341,0.013097616483288,0.05077979934899341,0.023520991522270496,128,3,0.3,0.0001,4096,0.0001,False,False
88,0.7397586829198947,5.633929744198559,7.3365662839784385,0.7421289921755465,50,50,0.2712662981293776,0.2582428980715057,0.013023400057871892,0.0504308159299924,0.013023400057871892,0.0504308159299924,0.023407208742877716,128,3,0.3,0.0001,4096,0.01,False,False
53,0.7343281759476097,5.696215899096268,7.412717856587128,0.7381557097172944,50,50,0.27084053066175995,0.26222191216244534,0.008618618499314612,0.032867651784857004,0.008618618499314612,0.032867651784857004,0.02331489170305423,128,3,0.1,0.0001,4096,0.0001,True,False
55,0.7339928442417264,5.702413770982875,7.417394557733613,0.7378018728304128,50,50,0.27107650673849776,0.26257625200021434,0.00850025473828342,0.03237251911980403,0.00850025473828342,0.03237251911980403,0.022994700932025713,128,3,0.1,0.0001,4096,0.01,True,False
69,0.7335201544256106,5.696653993669676,7.4239819193803465,0.7364257894176359,50,50,0.27538046925232873,0.26395432196728963,0.011426147285039101,0.043288350802056876,0.011426147285039101,0.043288350802056876,0.023254199489760374,128,3,0.2,0.0001,4096,0.0001,True,False
71,0.7331532249201942,5.700727202518434,7.429091388209148,0.7360267443667368,50,50,0.27573391903888456,0.2643539454066209,0.011379973632263674,0.043048245846149025,0.011379973632263674,0.043048245846149025,0.02315956022779686,128,3,0.2,0.0001,4096,0.01,True,False
85,0.7285420525469573,5.756728892735432,7.493004648130367,0.7310427599707026,50,50,0.281834525089503,0.2693451166848838,0.012489408404619207,0.04636953718834635,0.012489408404619207,0.04636953718834635,0.022810334940789767,128,3,0.3,0.0001,4096,0.0001,True,False
87,0.7282046816748599,5.760758372056396,7.49765939593224,0.7306935706825886,50,50,0.2821697215524546,0.2696948160872345,0.01247490546522012,0.04625563682019395,0.01247490546522012,0.04625563682019395,0.022547383168810775,128,3,0.3,0.0001,4096,0.01,True,False
5,0.7232715337783854,5.872164314623761,7.565395547519881,0.7260260475206839,50,50,0.2808608140614005,0.274369059585917,0.006491754475483502,0.023660665256064153,0.006491754475483502,0.023660665256064153,0.01752433593433622,128,2,0.1,0.0001,4096,0.0001,True,False
7,0.7229256304072331,5.875365930575905,7.570122344526895,0.7256655339217601,50,50,0.2812640533348427,0.27473009919978364,0.0065339541350590835,0.023783175393197794,0.0065339541350590835,0.023783175393197794,0.01756515547182147,128,2,0.1,0.0001,4096,0.01,True,False
21,0.7189574864245459,5.9232282428058385,7.624137708869664,0.7221753566024478,50,50,0.2864978160883427,0.27822530945817314,0.00827250663016954,0.029733120420567576,0.00827250663016954,0.029733120420567576,0.018403514479465533,128,2,0.2,0.0001,4096,0.0001,True,False
23,0.7187157618015092,5.9251913216486285,7.627415763997428,0.7219261545215394,50,50,0.28680393866947146,0.2784748716378861,0.008329067031585369,0.029909582084002337,0.008329067031585369,0.029909582084002337,0.018488016202597546,128,2,0.2,0.0001,4096,0.01,True,False
37,0.7152532100536624,5.960486171939981,7.674218140774736,0.7181964623394232,50,50,0.2911078514132504,0.2822099348425361,0.008897916570714315,0.03152942356788063,0.008897916570714315,0.03152942356788063,0.018389904689145586,128,2,0.3,0.0001,4096,0.0001,True,False
39,0.7149703168333384,5.963590322735374,7.678029325684601,0.7179045058540774,50,50,0.2913792083438525,0.2825023218293825,0.008876886514469995,0.03142234887482163,0.008876886514469995,0.03142234887482163,0.018429432258241674,128,2,0.3,0.0001,4096,0.01,True,False
22,0.7073769252689999,6.080834094007413,7.779631142707259,0.7100033771246348,50,50,0.2963528160037352,0.29041484716097865,0.005937968842756547,0.020446505751357456,0.005937968842756547,0.020446505751357456,0.020403222573977198,128,2,0.2,0.0001,4096,0.0001,False,False
24,0.7071608331357235,6.082587206934181,7.782503108364699,0.7097674282710384,50,50,0.29673143808923874,0.2906511332620999,0.006080304827138838,0.020919597865994947,0.006080304827138838,0.020919597865994947,0.020416681361052014,128,2,0.2,0.0001,4096,0.01,False,False
6,0.7072146457466718,6.079165339222969,7.781788012672538,0.7094136737114412,50,50,0.2952178501753297,0.2910054030731436,0.004212447102186101,0.014475494467459462,0.004212447102186101,0.014475494467459462,0.01977204266205601,128,2,0.1,0.0001,4096,0.0001,False,False
8,0.7068291099153959,6.0837191955180145,7.7869098042417395,0.7090214612174348,50,50,0.29566733010954466,0.29139817619746117,0.00426915391208349,0.014650585558883416,0.00426915391208349,0.014650585558883416,0.0197153930776367,128,2,0.1,0.0001,4096,0.01,False,False
38,0.7061681436634003,6.10089333292542,7.795682822061531,0.7081070233813727,50,50,0.29886075939009765,0.29231393716412274,0.006546822225974913,0.022396544925256612,0.006546822225974913,0.022396544925256612,0.01919415540061542,128,2,0.3,0.0001,4096,0.0001,False,False
40,0.7057430219207712,6.104529596903404,7.80132025777472,0.7076699309811021,50,50,0.2992622467761508,0.29275165651290536,0.006510590263245464,0.022239294358897873,0.006510590263245464,0.022239294358897873,0.019001908215672936,128,2,0.3,0.0001,4096,0.01,False,False
