combination_id,test_r2,test_mae,test_rmse,val_r2,best_epoch,total_epochs,final_train_loss,final_val_loss,train_val_gap,overfitting_ratio,best_epoch_gap,best_epoch_overfitting_ratio,val_r2_trend,hidden_dim,num_layers,dropout,learning_rate,batch_size,lambda_score,weight_decay,use_layernorm,is_best
103,0.9679009756891944,1.8336237720200244,2.576621565386037,0.9673479911712851,48,50,0.02087701564349031,0.0346545221352179,-0.013777506491727591,-0.3975673488720857,-0.013992734545630485,-0.4027709121245755,0.004264597997075126,256,3,0.1,0.001,1024,1.0,0.01,True,True
101,0.9676181620645393,1.8306153857336764,2.5879475424497844,0.9668610044580087,49,50,0.020141953594573454,0.036145680973994385,-0.01600372737942093,-0.44275628368808656,-0.014622623671770456,-0.4195883101862869,0.002708276668089149,256,3,0.1,0.001,1024,1.0,0.0001,True,False
99,0.965711375531401,1.897571666476904,2.663052652127276,0.9651936043164174,48,50,0.01685591695166035,0.026507572232683994,-0.009651655281023644,-0.36410936453558335,-0.009659058577692663,-0.37784631027451904,0.0044375439473851586,256,3,0.1,0.001,1024,0.7,0.01,True,False
97,0.9654791382439749,1.911834526552197,2.6720558777691585,0.965152645831595,50,50,0.016844558938710636,0.025825605176802737,-0.008981046238092101,-0.3477574359480692,-0.008981046238092101,-0.3477574359480692,0.004641627097202727,256,3,0.1,0.001,1024,0.7,0.0001,True,False
119,0.9653135996812738,1.9172031176845339,2.678454896481934,0.9649014173707178,50,50,0.026020690349341836,0.03628277108820029,-0.010262080738858457,-0.2828361900449175,-0.010262080738858457,-0.2828361900449175,0.004213596284084575,256,3,0.2,0.001,1024,1.0,0.01,True,False
72,0.9643619833732457,1.9158402183889554,2.7149478043561723,0.964475018382545,50,50,0.021623855906264453,0.03737726406070092,-0.015753408154436464,-0.42147033899679837,-0.015753408154436464,-0.42147033899679837,0.005311651784664195,256,2,0.1,0.001,1024,1.0,0.01,False,False
71,0.9644709238191388,1.9679337487513013,2.710795019933447,0.9641931815787665,50,50,0.02125490229982478,0.037895770338441805,-0.016640868038617026,-0.43912204158933227,-0.016640868038617026,-0.43912204158933227,0.004583763344051972,256,2,0.1,0.001,1024,1.0,0.01,True,False
117,0.9642981229671503,1.9451737533365503,2.7173791976488375,0.9641280470060839,50,50,0.027146700099213432,0.03714274630069538,-0.00999604620148195,-0.26912512393556653,-0.00999604620148195,-0.26912512393556653,0.0034700151455661077,256,3,0.2,0.001,1024,1.0,0.0001,True,False
70,0.9648650536047645,1.9006719037910005,2.695717445139761,0.9640514423306302,50,50,0.021958328558466154,0.037929084729358166,-0.01597075617089201,-0.42106885217112033,-0.01597075617089201,-0.42106885217112033,0.005319061402355274,256,2,0.1,0.001,1024,1.0,0.0001,False,False
69,0.964527713072528,1.9631263560773202,2.70862770225149,0.9639335923211819,50,50,0.021370169067163363,0.03801644741546518,-0.016646278348301815,-0.4378704345090928,-0.016646278348301815,-0.4378704345090928,0.004935088583449265,256,2,0.1,0.001,1024,1.0,0.0001,True,False
104,0.9637189929066771,1.9202724818917962,2.7393302185885218,0.9633280196223286,50,50,0.022248212336145642,0.03851076708448905,-0.016262554748343407,-0.4222859210429351,-0.016262554748343407,-0.4222859210429351,0.00862235805587297,256,3,0.1,0.001,1024,1.0,0.01,False,False
85,0.962753678216043,2.0142791866215193,2.775533138725226,0.9621584443623562,50,50,0.026388679996232563,0.03934886095778223,-0.012960180961549665,-0.3293661022476551,-0.012960180961549665,-0.3293661022476551,0.005877287386818142,256,2,0.2,0.001,1024,1.0,0.0001,True,False
113,0.9620496226189161,2.017937846843726,2.801642848811364,0.9621187797151683,50,50,0.022193025582779337,0.027430718449340186,-0.0052376928665608495,-0.19094260605072982,-0.0052376928665608495,-0.19094260605072982,0.0055967255532750615,256,3,0.2,0.001,1024,0.7,0.0001,True,False
87,0.9621528637929521,2.0395468532004633,2.7978294231981624,0.9620542080051644,50,50,0.026785225031454068,0.039237373735058874,-0.012452148703604806,-0.31735428542401967,-0.012452148703604806,-0.31735428542401967,0.004362054794934678,256,2,0.2,0.001,1024,1.0,0.01,True,False
67,0.9622344596183935,2.0462749471528077,2.794811831882476,0.9619067525888131,50,50,0.017615953926305192,0.028238700411781066,-0.010622746485475874,-0.3761768895371725,-0.010622746485475874,-0.3761768895371725,0.005123584530183467,256,2,0.1,0.001,1024,0.7,0.01,True,False
65,0.9624481236746925,2.0361343116610757,2.7868945898504496,0.9618154346829042,50,50,0.017060099627279134,0.029038703568667636,-0.011978603941388503,-0.4125047770491122,-0.011978603941388503,-0.4125047770491122,0.00545032569902415,256,2,0.1,0.001,1024,0.7,0.0001,True,False
102,0.9622231495091473,1.9741177198632927,2.79523029883072,0.9616669784326525,49,50,0.026273365792145027,0.041216177420357,-0.014942811628211972,-0.3625472463351635,-0.015329617278532399,-0.3809621922376103,0.005371942063109758,256,3,0.1,0.001,1024,1.0,0.0001,False,False
86,0.9621557710690068,1.9799040530648262,2.7977219617160527,0.9614327829947948,50,50,0.02759448638159129,0.04059884241123268,-0.013004356029641392,-0.3203134684954321,-0.013004356029641392,-0.3203134684954321,0.006681428466659867,256,2,0.2,0.001,1024,1.0,0.0001,False,False
83,0.9609502975766553,2.0778801834284004,2.8419313696941684,0.9606454762309409,50,50,0.021116670327175888,0.029135900369656124,-0.008019230042480237,-0.275235360525599,-0.008019230042480237,-0.275235360525599,0.006779375344325156,256,2,0.2,0.001,1024,0.7,0.01,True,False
88,0.9606738270442745,2.039317404887608,2.851974013185988,0.9602812439948545,50,50,0.02835159494625572,0.041526990811356884,-0.013175395865101164,-0.3172730700606876,-0.013175395865101164,-0.3172730700606876,0.00777284746173057,256,2,0.2,0.001,1024,1.0,0.01,False,False
115,0.9603133613931314,2.053695401434759,2.86501486568099,0.9600796875126641,50,50,0.023470254243591785,0.02884440239063134,-0.005374148147039556,-0.18631511494878739,-0.005374148147039556,-0.18631511494878739,0.005223678740995941,256,3,0.2,0.001,1024,0.7,0.01,True,False
111,0.9604002552904988,2.061071837674913,2.8618766718694504,0.9600663841822015,50,50,0.02665379022725348,0.04117828380410646,-0.014524493576852978,-0.35272216894586894,-0.014524493576852978,-0.35272216894586894,0.007760060274442537,256,3,0.1,0.001,2048,1.0,0.01,True,False
81,0.960350382129693,2.1008278658430415,2.863678273431066,0.9597119863057632,50,50,0.02102240516759397,0.029475083222369695,-0.008452678054775724,-0.2867736790090107,-0.008452678054775724,-0.2867736790090107,0.004802766369426448,256,2,0.2,0.001,1024,0.7,0.0001,True,False
120,0.9599798790402514,2.0357369805793457,2.8770268831248718,0.9594930650876824,50,50,0.030983618503934867,0.0413531454444676,-0.010369526940532735,-0.2507554583594563,-0.010369526940532735,-0.2507554583594563,0.00892220077494632,256,3,0.2,0.001,1024,1.0,0.01,False,False
66,0.9599833027696593,2.0632168103544597,2.8769038153780655,0.9590689015325605,50,50,0.021227591004229773,0.030464813755489484,-0.00923722275125971,-0.3032095592442362,-0.00923722275125971,-0.3032095592442362,0.00982268950401477,256,2,0.1,0.001,1024,0.7,0.0001,False,False
109,0.9593794343176247,2.0778003694421,2.8985293683086186,0.9588664711934951,50,50,0.029679473931575995,0.04281114811542943,-0.013131674183853435,-0.3067349221386728,-0.013131674183853435,-0.3067349221386728,0.008129673813165428,256,3,0.1,0.001,2048,1.0,0.0001,True,False
118,0.9580729353879424,2.0877800730986795,2.9447738671085704,0.9580649435973061,50,50,0.03602340714065194,0.04366504498388977,-0.0076416378432378265,-0.17500583924869906,-0.0076416378432378265,-0.17500583924869906,0.008501739676194386,256,3,0.2,0.001,1024,1.0,0.0001,False,False
100,0.9590181840707155,2.079480250562912,2.911389562399179,0.9576599915885808,50,50,0.020853518703493543,0.031083779621344294,-0.010230260917850752,-0.32911895022013155,-0.010230260917850752,-0.32911895022013155,0.016450739994427588,256,3,0.1,0.001,1024,0.7,0.01,False,False
68,0.9571475275781691,2.1405733654480987,2.9770947958770377,0.9569541627811211,50,50,0.021996007483505046,0.0329091315551064,-0.010913124071601353,-0.33161385779285324,-0.010913124071601353,-0.33161385779285324,0.009804649697731871,256,2,0.1,0.001,1024,0.7,0.01,False,False
125,0.9564414619054257,2.1668518161624606,3.0015208831186944,0.9556586393590687,50,50,0.03765027266023113,0.04546950161998193,-0.007819228959750797,-0.17196645402232813,-0.007819228959750797,-0.17196645402232813,0.00923300639568192,256,3,0.2,0.001,2048,1.0,0.0001,True,False
127,0.9565414881495728,2.15486822835851,2.998072610612279,0.9556580538111434,50,50,0.037823288654753394,0.04546964565807803,-0.007646357003324639,-0.16816398924292483,-0.007646357003324639,-0.16816398924292483,0.009101562106462069,256,3,0.2,0.001,2048,1.0,0.01,True,False
79,0.9564304503624959,2.18982364087308,3.001900249471797,0.9554169933740885,49,50,0.02894893558777091,0.047888290251600345,-0.018939354663829434,-0.39549030805493235,-0.01746585011946557,-0.3740065925941761,0.008633980676637898,256,2,0.1,0.001,2048,1.0,0.01,True,False
114,0.9560759276506687,2.150801784163595,3.0140886433377756,0.955402456307584,50,50,0.027434803966256166,0.03276024407316668,-0.005325440106910516,-0.16255801071007547,-0.005325440106910516,-0.16255801071007547,0.009989327541378934,256,3,0.2,0.001,1024,0.7,0.0001,False,False
98,0.9556268312673235,2.166497167792082,3.0294580505977997,0.9551524626869914,50,50,0.02614518359073835,0.03477572683453726,-0.008630543243798909,-0.24817722099276293,-0.008630543243798909,-0.24817722099276293,0.007905023914174802,256,3,0.1,0.001,1024,0.7,0.0001,False,False
82,0.9556649829171244,2.1690670071009905,3.0281554202016867,0.954982022308461,50,50,0.0247004577623555,0.03296098789203938,-0.008260530129683877,-0.25061536859090716,-0.008260530129683877,-0.25061536859090716,0.009700279992637117,256,2,0.2,0.001,1024,0.7,0.0001,False,False
77,0.9546355201790082,2.2418487133461134,3.063110677453663,0.9545477642350478,49,50,0.029937650475948412,0.0489029239650835,-0.018965273489135088,-0.38781471436505965,-0.019174886757013124,-0.3937127747123731,0.00656996061904791,256,2,0.1,0.001,2048,1.0,0.0001,True,False
84,0.9541014822387136,2.199710968526907,3.081087640684754,0.9543216749762375,49,50,0.03131538460160543,0.03340130094821039,-0.00208591634660496,-0.062450152760194264,-0.007512524904792841,-0.22263789115706809,0.008994014650015703,256,2,0.2,0.001,1024,0.7,0.01,False,False
105,0.9540129803719111,2.232309797977869,3.0840566983033706,0.953659941057641,50,50,0.024775931319866513,0.033259944501320825,-0.008484013181454312,-0.25508200054625446,-0.008484013181454312,-0.25508200054625446,0.013889302433144901,256,3,0.1,0.001,2048,0.7,0.0001,True,False
95,0.9536767832562955,2.268439733579827,3.0953094696799135,0.952890062405478,50,50,0.03469750115881608,0.049122296760389025,-0.014424795601572948,-0.29365067500680747,-0.014424795601572948,-0.29365067500680747,0.006651947666026503,256,2,0.2,0.001,2048,1.0,0.01,True,False
116,0.9535843580662738,2.2281990395409137,3.0983958486870447,0.9525095808653774,50,50,0.028768100248295216,0.03413253414930147,-0.0053644339010062575,-0.15716482923715294,-0.0053644339010062575,-0.15716482923715294,0.013427126439579218,256,3,0.2,0.001,1024,0.7,0.01,False,False
93,0.9522393585686402,2.291514330275895,3.142966824851266,0.9523658065555515,49,50,0.03551602064774698,0.05214178151579106,-0.016625760868044077,-0.3188567859540624,-0.010703459827072603,-0.2161566271882279,0.005226093058410153,256,2,0.2,0.001,2048,1.0,0.0001,True,False
75,0.9519078772671954,2.323473800202322,3.153854799161517,0.9515632006946664,50,50,0.02347992690107218,0.036361701293684365,-0.012881774392612184,-0.35426764794554894,-0.012881774392612184,-0.35426764794554894,0.009932811287595933,256,2,0.1,0.001,2048,0.7,0.01,True,False
107,0.9510730556327088,2.3050407119878233,3.181110596504344,0.9504190955956839,50,50,0.028113529996611424,0.036752018775365866,-0.008638488778754443,-0.23504800733680095,-0.008638488778754443,-0.23504800733680095,0.011953735107414154,256,3,0.1,0.001,2048,0.7,0.01,True,False
73,0.9493365130982266,2.3848200239146626,3.237071259332966,0.9493111676726775,49,50,0.026209255627446484,0.03880914086714293,-0.012599885239696448,-0.32466282319493234,-0.011331347802894971,-0.2995396146132277,0.008907444590905311,256,2,0.1,0.001,2048,0.7,0.0001,True,False
91,0.9481024213216579,2.40929331470584,3.276259320777085,0.9475531594593652,49,50,0.02978548531848269,0.03907406974728756,-0.009288584428804873,-0.23771735293710136,-0.008597218456826948,-0.22204507461072576,0.007959726890599428,256,2,0.2,0.001,2048,0.7,0.01,True,False
121,0.9473572171887995,2.396860084780241,3.2996976007853784,0.9470323856204466,50,50,0.03339869581622841,0.03778759621310135,-0.004388900396872938,-0.11614658874097054,-0.004388900396872938,-0.11614658874097054,0.014671185678107435,256,3,0.2,0.001,2048,0.7,0.0001,True,False
89,0.9470003559329726,2.437723313586007,3.3108629049311746,0.9468853026178875,50,50,0.030750576549962848,0.038906751644966854,-0.008156175095004006,-0.20963392599389943,-0.008156175095004006,-0.20963392599389943,0.011505257862699514,256,2,0.2,0.001,2048,0.7,0.0001,True,False
123,0.9473842779341486,2.401649470377933,3.2988493956778457,0.9463215812150383,50,50,0.032898911995416925,0.038306066130299556,-0.00540715413488263,-0.14115660210291467,-0.00540715413488263,-0.14115660210291467,0.01023669901196722,256,3,0.2,0.001,2048,0.7,0.01,True,False
110,0.9448181573778306,2.41873543348182,3.378335840761824,0.9444709737810388,50,50,0.044866303430073334,0.05721965514129003,-0.012353351711216695,-0.21589350164227827,-0.012353351711216695,-0.21589350164227827,0.015789569777344137,256,3,0.1,0.001,2048,1.0,0.0001,False,False
78,0.9437533026437387,2.4706703603061486,3.4107762875946386,0.9430144090774657,50,50,0.04693847287318419,0.06010925287938087,-0.013170780006196682,-0.21911401947760065,-0.013170780006196682,-0.21911401947760065,0.019272455686406342,256,2,0.1,0.001,2048,1.0,0.0001,False,False
94,0.9412625614995683,2.5267010079338528,3.485477015359996,0.941301916634289,50,50,0.051103486552553076,0.06098486293296667,-0.009881376380413594,-0.16202998424830442,-0.009881376380413594,-0.16202998424830442,0.017672423385947877,256,2,0.2,0.001,2048,1.0,0.0001,False,False
112,0.9421815806915406,2.4856286441629942,3.458102236017519,0.9410882323728178,49,50,0.04967323684044756,0.06126541371392398,-0.011592176873476419,-0.18921241481540552,-0.009454686470063527,-0.15393614152612678,0.016235132491705606,256,3,0.1,0.001,2048,1.0,0.01,False,False
80,0.9408644963878248,2.5354653292334213,3.4972676558287024,0.940326533213182,50,50,0.04719380607988,0.06258668891319709,-0.015392882833317086,-0.24594499406520492,-0.015392882833317086,-0.24594499406520492,0.020056791847372413,256,2,0.1,0.001,2048,1.0,0.01,False,False
96,0.938561891823276,2.5872388596308546,3.564705355943052,0.9381641971948121,50,50,0.05278160606303239,0.06366891401258545,-0.010887307949553067,-0.1709988008810857,-0.010887307949553067,-0.1709988008810857,0.02782407158834843,256,2,0.2,0.001,2048,1.0,0.01,False,False
39,0.9361330883494967,2.6627485230329553,3.6344833150696063,0.9369892361549907,50,50,0.05807100014260942,0.06420920755534897,-0.006138207412739544,-0.09559699685513715,-0.006138207412739544,-0.09559699685513715,0.009728365439311992,128,3,0.1,0.001,1024,1.0,0.01,True,False
37,0.9363971534584794,2.6390648039508053,3.626961937386035,0.9365205221976545,50,50,0.05914565119489151,0.06502380332246956,-0.005878152127578043,-0.09040000472483582,-0.005878152127578043,-0.09040000472483582,0.010348160282305119,128,3,0.1,0.001,1024,1.0,0.0001,True,False
33,0.9317142980997695,2.760137275550254,3.758111061435371,0.9310525958377697,50,50,0.047563468974820056,0.049184378584305764,-0.0016209096094857087,-0.03295578100488444,-0.0016209096094857087,-0.03295578100488444,0.013650894433245742,128,3,0.1,0.001,1024,0.7,0.0001,True,False
35,0.9318800306428552,2.754528129932396,3.7535477365993817,0.9310089009145741,50,50,0.047225306334950985,0.049683887545291384,-0.0024585812103403992,-0.0494844773992208,-0.0024585812103403992,-0.0494844773992208,0.01336353465079465,128,3,0.1,0.001,1024,0.7,0.01,True,False
126,0.9301924070040529,2.771271329770871,3.79975900838524,0.9292729639126436,49,50,0.2646699260681902,0.08033875496670097,0.18433117110148922,2.2944240445086725,-0.0018070014817663654,-0.02468885575918718,0.014489040175949208,256,3,0.2,0.001,2048,1.0,0.0001,False,False
53,0.9280729913971291,2.8119997014388733,3.857009609089633,0.9287813373659914,50,50,0.07545872549068057,0.07205307842302984,0.00340564706765073,0.04726580934760181,0.00340564706765073,0.04726580934760181,0.013259813239106188,128,3,0.2,0.001,1024,1.0,0.0001,True,False
128,0.9292773787506372,2.7517804547818656,3.8245812886652346,0.9283494223974857,50,50,0.07853635019603351,0.07462324363658242,0.003913106559451096,0.05243817299751871,0.003913106559451096,0.05243817299751871,0.018194954183144096,256,3,0.2,0.001,2048,1.0,0.01,False,False
55,0.9267015827841633,2.8307233159848204,3.893606155925572,0.9276211652051813,50,50,0.07609405384505162,0.07301807075598651,0.003075983089065107,0.042126326499976954,0.003075983089065107,0.042126326499976954,0.014366856540365958,128,3,0.2,0.001,1024,1.0,0.01,True,False
7,0.9234994872846566,2.956242111482291,3.9777445963922684,0.9234759184123567,50,50,0.07164916532003068,0.07947808460106118,-0.007828919281030494,-0.09850412626735551,-0.007828919281030494,-0.09850412626735551,0.010479927387226473,128,2,0.1,0.001,1024,1.0,0.01,True,False
5,0.922656273370497,2.968250696658558,3.9996065263958522,0.9234673732451789,49,50,0.07160651472289456,0.0818400018371133,-0.010233487114218745,-0.1250426061156074,-0.006649859497353722,-0.08350988662617641,0.01256151412827955,128,2,0.1,0.001,1024,1.0,0.0001,True,False
74,0.9242874456315543,2.895711438629946,3.9572061083097636,0.9226762838101239,50,50,0.050908206776633685,0.057059751414366915,-0.006151544637733229,-0.10780882294878609,-0.006151544637733229,-0.10780882294878609,0.02300653938973407,256,2,0.1,0.001,2048,0.7,0.0001,False,False
3,0.9209527370806693,2.976924536588668,4.043413342645957,0.9208130742734032,50,50,0.05214328349150187,0.05798423552052167,-0.005840952029019797,-0.10073344895532128,-0.005840952029019797,-0.10073344895532128,0.011262162540393361,128,2,0.1,0.001,1024,0.7,0.01,True,False
90,0.9206927791290421,2.964779664325704,4.0500565497782555,0.9201629957696261,50,50,0.053252585059259026,0.057588378618056144,-0.004335793558797117,-0.07528938412302653,-0.004335793558797117,-0.07528938412302653,0.022714528713926763,256,2,0.2,0.001,2048,0.7,0.0001,False,False
108,0.921556172543086,2.932628793016644,4.027950356927968,0.9200865373210338,50,50,0.052837931024546515,0.057864985304530624,-0.005027054279984108,-0.08687558207312822,-0.005027054279984108,-0.08687558207312822,0.02166344758068106,256,3,0.1,0.001,2048,0.7,0.01,False,False
76,0.9217385697771344,2.9453947391822703,4.0232647455944575,0.9200680760596275,50,50,0.053156956642450265,0.058847355176830714,-0.005690398534380449,-0.096697608877771,-0.005690398534380449,-0.096697608877771,0.02173589499269779,256,2,0.1,0.001,2048,0.7,0.01,False,False
51,0.9199831506738003,2.984166949329704,4.068135829581835,0.9192996098533311,50,50,0.05933690582489187,0.057430828055708455,0.0019060777691834174,0.03318910476677271,0.0019060777691834174,0.03318910476677271,0.01674276272732933,128,3,0.2,0.001,1024,0.7,0.01,True,False
21,0.9178277683907351,3.041231540729552,4.122562631218628,0.9187346141159696,50,50,0.08175896009901484,0.08280734662923656,-0.0010483865302217121,-0.012660549732571207,-0.0010483865302217121,-0.012660549732571207,0.011321300381068822,128,2,0.2,0.001,1024,1.0,0.0001,True,False
23,0.9173729578780865,3.06044408931185,4.1339557594380345,0.9184523117189436,50,50,0.08140412400380395,0.08364579565181644,-0.0022416716480124915,-0.026799573493731382,-0.0022416716480124915,-0.026799573493731382,0.010952923708386297,128,2,0.2,0.001,1024,1.0,0.01,True,False
1,0.9187196101088437,3.0274101721954674,4.1001298470247045,0.9180874527617724,50,50,0.0537110108362202,0.05899573471050315,-0.00528472387428295,-0.0895780669605272,-0.00528472387428295,-0.0895780669605272,0.014941886355165912,128,2,0.1,0.001,1024,0.7,0.0001,True,False
49,0.918577292713548,3.000484193388046,4.103717825605786,0.9180510665981428,48,50,0.05971335865645568,0.058590418215393736,0.0011229404410619467,0.019165940016569318,0.004847347532066247,0.08372529418378576,0.014781178581100507,128,3,0.2,0.001,1024,0.7,0.0001,True,False
106,0.9173098989911505,3.035922806022426,4.135532924277137,0.9157244190382788,48,50,0.08601964565622432,0.06678803561132149,0.019231610044902828,0.28794992799043795,-0.002946888791302671,-0.04798607701625211,0.016273511467845614,256,3,0.1,0.001,2048,0.7,0.0001,False,False
122,0.916221174498624,3.037090374632082,4.16266877549454,0.9149570250371727,50,50,0.06048373835167576,0.06109387290760085,-0.000610134555925089,-0.009986837089995329,-0.000610134555925089,-0.009986837089995329,0.020473707306907674,256,3,0.2,0.001,2048,0.7,0.0001,False,False
40,0.9138216652013361,3.075951406593948,4.221859444584675,0.913982039431593,50,50,0.1265553692289218,0.08901738157573781,0.03753798765318399,0.4216927861582392,0.03753798765318399,0.4216927861582392,0.017646899770784374,128,3,0.1,0.001,1024,1.0,0.01,False,False
92,0.9131126584828007,3.110350697212258,4.2391909191215165,0.9129804116332763,50,50,0.06575481229156617,0.06410846319324798,0.0016463490983181922,0.025680682648021872,0.0016463490983181922,0.025680682648021872,0.02048877419472328,256,2,0.2,0.001,2048,0.7,0.01,False,False
45,0.9141374868232406,3.083589312491925,4.214116324779763,0.9127998725401248,50,50,0.08933017390185312,0.08897027303186032,0.00035990086999279636,0.004045181134421332,0.00035990086999279636,0.004045181134421332,0.01681487499882084,128,3,0.1,0.001,2048,1.0,0.0001,True,False
124,0.9129067563778082,3.1037431372357545,4.244210878382595,0.9125261269072396,49,50,0.06271832191840651,0.06371739202390136,-0.0009990701054948536,-0.015679708063382244,0.0013266299427567158,0.021067644391989365,0.0193063444612811,256,3,0.2,0.001,2048,0.7,0.01,False,False
19,0.9115040357177794,3.15120959787072,4.278252910096882,0.9118128235344353,50,50,0.0631703611027187,0.06364458000856908,-0.0004742189058503793,-0.00745104933973216,-0.0004742189058503793,-0.00745104933973216,0.01344815646250297,128,2,0.2,0.001,1024,0.7,0.01,True,False
6,0.9111063966244864,3.153121399133518,4.287853878350875,0.9114500573160779,49,50,0.08645633407727607,0.0918417515104493,-0.005385417433173223,-0.05863800879886853,-0.003590914433732148,-0.039200316658548943,0.012633473044758259,128,2,0.1,0.001,1024,1.0,0.0001,False,False
8,0.9108616263852695,3.1552823983459306,4.293753164076916,0.9104632867650138,50,50,0.09483241400729221,0.09203794593033236,0.0027944680769598496,0.030362129974903042,0.0027944680769598496,0.030362129974903042,0.012871650928582778,128,2,0.1,0.001,1024,1.0,0.01,False,False
17,0.9086189489714214,3.2230066997357505,4.347431981793593,0.910263785854738,50,50,0.06413456776372142,0.06475578238099647,-0.0006212146172750455,-0.009593191440728387,-0.0006212146172750455,-0.009593191440728387,0.01350678310768716,128,2,0.2,0.001,1024,0.7,0.0001,True,False
47,0.9087407640309985,3.1813213084435317,4.344533354085573,0.9090465497495763,49,50,0.0946509421954231,0.09342745891823732,0.0012234832771857718,0.013095542695392138,0.0028929072339312772,0.031007504367643064,0.016125836568270158,128,3,0.1,0.001,2048,1.0,0.01,True,False
56,0.9077960430605522,3.191313841692706,4.366962887798312,0.9088549037974742,50,50,0.10119284632254634,0.09389315886420842,0.007299687458337922,0.07774461469439947,0.007299687458337922,0.07774461469439947,0.019286986953104157,128,3,0.2,0.001,1024,1.0,0.01,False,False
38,0.9087312445199114,3.1762958796002376,4.3447599435069675,0.9086424261039766,50,50,0.09763562975053422,0.09389247243153195,0.003743157319002266,0.03986642615819753,0.003743157319002266,0.03986642615819753,0.017963058528414733,128,3,0.1,0.001,1024,1.0,0.0001,False,False
54,0.9071097234687775,3.2110658567140757,4.383185486389137,0.9082959019242061,50,50,0.11090875319874541,0.09441830958445925,0.016490443614286157,0.1746530274356913,0.016490443614286157,0.1746530274356913,0.017022704180702508,128,3,0.2,0.001,1024,1.0,0.0001,False,False
4,0.9052711009059097,3.2683057594903087,4.426352192538283,0.9050371044759472,50,50,0.0637104533912663,0.06806142883181887,-0.004350975440552574,-0.06392718335819719,-0.004350975440552574,-0.06392718335819719,0.01567873594951219,128,2,0.1,0.001,1024,0.7,0.01,False,False
24,0.9047818952675399,3.2537092205024414,4.43776691388065,0.904885205308761,49,50,0.12042399093492454,0.0972305409075715,0.02319345002735304,0.2385407898676714,0.0008466588849790485,0.008695136752251864,0.012702466649100574,128,2,0.2,0.001,1024,1.0,0.01,False,False
2,0.9043658114394961,3.261038762110507,4.447452415691567,0.9046882475091446,50,50,0.06637045221056495,0.06921105450355762,-0.0028406022929926694,-0.0410426096433288,-0.0028406022929926694,-0.0410426096433288,0.02042414652281488,128,2,0.1,0.001,1024,0.7,0.0001,False,False
22,0.9033497460492321,3.2768315572576774,4.471015971332148,0.9042878180386649,49,50,0.09792454610320982,0.09791233865332004,1.2207449889778399e-05,0.0001246773395230762,0.002592938840786277,0.026499761957601946,0.013770321372883587,128,2,0.2,0.001,1024,1.0,0.0001,False,False
41,0.9028275141774508,3.303105072489932,4.483078854648491,0.9027995120323541,50,50,0.07249062344718536,0.0695256327902456,0.002964990656939767,0.04264600749316378,0.002964990656939767,0.04264600749316378,0.022239138611283238,128,3,0.1,0.001,2048,0.7,0.0001,True,False
36,0.9007435473863569,3.316700731216433,4.5308960273055705,0.9021915507351056,50,50,0.07346366400386524,0.07055363640279191,0.0029100276010733256,0.04124560758937964,0.0029100276010733256,0.04124560758937964,0.019702024207110758,128,3,0.1,0.001,1024,0.7,0.01,False,False
43,0.8999556699152449,3.332570286886963,4.548843146708393,0.9008291028943047,50,50,0.0723868968417202,0.07129814291571099,0.0010887539260092116,0.015270438772807053,0.0010887539260092116,0.015270438772807053,0.017434171671354526,128,3,0.1,0.001,2048,0.7,0.01,True,False
61,0.8998698062365578,3.34074560765423,4.55079476474329,0.9007439024191108,50,50,0.10949445235945902,0.10059683118224141,0.00889762117721761,0.08844832459084782,0.00889762117721761,0.08844832459084782,0.01943083967594106,128,3,0.2,0.001,2048,1.0,0.0001,True,False
63,0.8991548405945062,3.3652082227992204,4.567013021909982,0.8994493996904588,49,50,0.10910946913676503,0.10298779156298153,0.006121677573783499,0.05944080828298785,0.009516246499087055,0.09328753881616955,0.016010653475446168,128,3,0.2,0.001,2048,1.0,0.01,True,False
20,0.8956801528978138,3.4203834253549577,4.645026461957145,0.8961357572800102,50,50,0.07731942696253918,0.07479127172678982,0.0025281552357493686,0.03380281117540882,0.0025281552357493686,0.03380281117540882,0.01598359925982784,128,2,0.2,0.001,1024,0.7,0.01,False,False
13,0.8936994339710831,3.497033621553717,4.688916620159628,0.8947530359054074,50,50,0.10706092282625572,0.11061515090232074,-0.003554228076065022,-0.03213147608688434,-0.003554228076065022,-0.03213147608688434,0.014553068293507443,128,2,0.1,0.001,2048,1.0,0.0001,True,False
18,0.893589195214891,3.4466651812021203,4.691347305208021,0.8943144447035077,49,50,0.07585256419517367,0.07545288270743321,0.0003996814877404581,0.005297100301524777,0.0014114695699594393,0.018707918636550015,0.017166736563599128,128,2,0.2,0.001,1024,0.7,0.0001,False,False
15,0.8928513255439543,3.5273902815646685,4.707584485195766,0.8935509274373127,49,50,0.1083469752122272,0.11223136761280779,-0.003884392400580583,-0.034610577089121186,-0.0028102251362460418,-0.024823730574692945,0.013935037069068512,128,2,0.1,0.001,2048,1.0,0.01,True,False
50,0.8919043396824072,3.4636376308046875,4.728341667743304,0.8928680909125606,48,50,0.18005359941669075,0.0862229105547793,0.09383068886191144,1.0882338378301293,0.008992797380536655,0.11736074944389716,0.016696396484388143,128,3,0.2,0.001,1024,0.7,0.0001,False,False
34,0.889824122234235,3.505454750591104,4.773621502683174,0.8911143181393233,49,50,0.17457291610899411,0.6453372255184479,-0.47076430940945374,-0.7294857491465078,0.005421876897515887,0.06929223907161106,-0.021598930948707573,128,3,0.1,0.001,1024,0.7,0.0001,False,False
52,0.8895762426677588,3.5244034367768813,4.7789884598012184,0.8904647533566239,50,50,0.15611379730180788,0.08067575987724869,0.07543803742455919,0.9350768748796554,0.07543803742455919,0.9350768748796554,0.02027648509798652,128,3,0.2,0.001,1024,0.7,0.01,False,False
57,0.8891837075245165,3.54877844122906,4.787475115151982,0.8902701860626369,50,50,0.08538275359366088,0.0779408487881417,0.007441904805519178,0.0954814442135178,0.007441904805519178,0.0954814442135178,0.020235967253303566,128,3,0.2,0.001,2048,0.7,0.0001,True,False
31,0.8867636362434351,3.5766363525772316,4.839468628746176,0.8879596325631776,50,50,0.12247554531337145,0.11586631400455924,0.006609231308812205,0.057041870759366155,0.006609231308812205,0.057041870759366155,0.020063116312446727,128,2,0.2,0.001,2048,1.0,0.01,True,False
29,0.8867111742638141,3.6026661318467283,4.840589552699472,0.8878327996154205,50,50,0.12133887346628432,0.11570997465902813,0.005628898807256186,0.0486466168871207,0.005628898807256186,0.0486466168871207,0.017568496261902267,128,2,0.2,0.001,2048,1.0,0.0001,True,False
59,0.885869734815155,3.583092708666771,4.858532751800659,0.887487701822852,50,50,0.08893765592909726,0.08004413009985223,0.008893525829245033,0.11110778289614333,0.008893525829245033,0.11110778289614333,0.018600337795065425,128,3,0.2,0.001,2048,0.7,0.01,True,False
11,0.8842700043902486,3.6451348815432376,4.892464576153825,0.8854979019999561,50,50,0.08471954687278895,0.0849146552042195,-0.00019510833143054906,-0.0022976991540660926,-0.00019510833143054906,-0.0022976991540660926,0.015490243979641272,128,2,0.1,0.001,2048,0.7,0.01,True,False
9,0.879715168695132,3.697223654454055,4.987812890038055,0.8802302207843189,49,50,0.19436094160431697,0.09622487591919533,0.09813606568512163,1.0198617015368376,-0.0009648013980560893,-0.010839011014760164,0.009914841718900003,128,2,0.1,0.001,2048,0.7,0.0001,True,False
25,0.8779669543317112,3.7538596902987487,5.023928462715974,0.8792324270684222,50,50,0.09215302040122986,0.08756147608213906,0.004591544319090798,0.05243795016410635,0.004591544319090798,0.05243795016410635,0.017982740194057767,128,2,0.2,0.001,2048,0.7,0.0001,True,False
27,0.8744101275968197,3.790307707378473,5.096617382715166,0.8757583574608032,50,50,0.09616241802871907,0.09050003424252115,0.005662383786197919,0.06256775296928525,0.005662383786197919,0.06256775296928525,0.025313602803916257,128,2,0.2,0.001,2048,0.7,0.01,True,False
14,0.8735527031080941,3.7821637375895176,5.113985547801226,0.8740391365921587,50,50,0.1444450333392425,0.13553992743731855,0.008905105901923949,0.06570097882074034,0.008905105901923949,0.06570097882074034,0.016733989612060518,128,2,0.1,0.001,2048,1.0,0.0001,False,False
32,0.8730890755595109,3.8060333518203695,5.123352356237392,0.8739407902455696,50,50,0.14089068873070046,0.1318158252487925,0.009074863481907947,0.06884502270330456,0.009074863481907947,0.06884502270330456,0.015126254008292261,128,2,0.2,0.001,2048,1.0,0.01,False,False
16,0.8733629706145372,3.778795848190409,5.117820843414976,0.8733065403899348,50,50,0.14312498801317894,0.13650317072604018,0.006621817287138759,0.04851035512155719,0.006621817287138759,0.04851035512155719,0.018281052086570604,128,2,0.1,0.001,2048,1.0,0.01,False,False
30,0.8729909212293887,3.7885903829983243,5.125333202351311,0.8730594047057433,50,50,0.14745135472254686,0.1348186820908313,0.012632672631715552,0.09370120250251779,0.012632672631715552,0.09370120250251779,0.013446420701737627,128,2,0.2,0.001,2048,1.0,0.0001,False,False
46,0.8711102007187588,3.774292231820483,5.163141117186165,0.8726298249090767,50,50,0.17056136362416408,0.14017559583066752,0.030385767793496554,0.2167693143263157,0.030385767793496554,0.2167693143263157,0.013820525748094115,128,3,0.1,0.001,2048,1.0,0.0001,False,False
48,0.8701161719241922,3.7998990101046677,5.183012563738288,0.8712421067857736,50,50,0.18155502025724626,0.14406434398242343,0.03749067627482283,0.26023563664994637,0.03749067627482283,0.26023563664994637,0.014571445559529161,128,3,0.1,0.001,2048,1.0,0.01,False,False
62,0.8678137400655898,3.8468436742186642,5.228750016363169,0.8702428122761181,50,50,0.16543109227950034,0.13832179556055424,0.027109296718946102,0.19598716607953695,0.027109296718946102,0.19598716607953695,0.014949564074660415,128,3,0.2,0.001,2048,1.0,0.0001,False,False
64,0.8649259933841061,3.8809175568372565,5.285555198499915,0.8658987765830919,50,50,0.2614703863594853,0.14697987369756896,0.11449051266191632,0.7789536742798956,0.11449051266191632,0.7789536742798956,0.016673855190294407,128,3,0.2,0.001,2048,1.0,0.01,False,False
10,0.8569392727155244,4.067460657310474,5.43957458259296,0.8581179460261738,49,50,0.1194519439733544,0.1094731985733736,0.009978745399980796,0.0911524056117956,0.011881051099643616,0.10896804761494401,0.01904218457676421,128,2,0.1,0.001,2048,0.7,0.0001,False,False
12,0.8555186254877531,4.105537368665211,5.466516380590121,0.8573966268708826,49,50,0.4315386676584221,0.1762190137997384,0.2553196538586837,1.4488768740292584,0.011074414948089625,0.1024909971214299,0.00028030781189358756,128,2,0.1,0.001,2048,0.7,0.01,False,False
28,0.8544332122348087,4.086253742581785,5.487011504336618,0.8567016832760576,50,50,0.12541107426861434,0.10877361341498029,0.016637460853634045,0.15295493393384627,0.016637460853634045,0.15295493393384627,0.013020932896380732,128,2,0.2,0.001,2048,0.7,0.01,False,False
44,0.8530383216021469,4.105380419540146,5.513238409680911,0.8566354166184984,49,50,0.319653444451965,0.12949409793419173,0.19015934651777325,1.4684788693181314,0.020965887273197786,0.19243682755921188,0.007558671766742853,128,3,0.1,0.001,2048,0.7,0.01,False,False
26,0.8542479694834597,4.076489635597393,5.490501675280452,0.8557478922000538,50,50,0.12056502052486634,0.10678053612131515,0.013784484403551192,0.1290917324847518,0.013784484403551192,0.1290917324847518,0.01915062323752681,128,2,0.2,0.001,2048,0.7,0.0001,False,False
42,0.8504186638838864,4.136224542566385,5.562159334875567,0.8527619979626465,50,50,0.13318967315300562,0.11069263264924246,0.022497040503763152,0.20323882416863912,0.022497040503763152,0.20323882416863912,0.014645203105726368,128,3,0.1,0.001,2048,0.7,0.0001,False,False
58,0.8505780333980844,4.133325679777795,5.559195479587392,0.8521755486022465,50,50,0.13805823687438565,0.1109008268201222,0.027157410054263448,0.24488014050888862,0.027157410054263448,0.24488014050888862,0.021321593248465054,128,3,0.2,0.001,2048,0.7,0.0001,False,False
60,0.8504982218193259,4.116059774903156,5.560679963249191,0.8518275189522521,50,50,0.13965490950035137,0.1120777098692472,0.027577199631104166,0.24605427487121614,0.027577199631104166,0.24605427487121614,0.013118234524787442,128,3,0.2,0.001,2048,0.7,0.01,False,False
