combination_id,test_r2,test_mae,test_rmse,val_r2,best_epoch,total_epochs,final_train_loss,final_val_loss,train_val_gap,overfitting_ratio,best_epoch_gap,best_epoch_overfitting_ratio,val_r2_trend,dropout,learning_rate,batch_size,weight_decay,use_batchnorm,is_best
41,0.7700277631936495,3.9240816361897743,5.090382617986845,0.7687713911960856,50,50,0.19015288702355973,0.23103555358610584,-0.040882666562546105,-0.17695400525144425,-0.040882666562546105,-0.17695400525144425,0.010208856649658093,0.4,0.001,4096,0.01,True,True
13,0.7683953048182653,3.951665670625533,5.10841771455581,0.7665746336834214,48,50,0.16827744640813624,0.23412211912818975,-0.06584467272005351,-0.28124071730275657,-0.063735138207796,-0.273271051128482,0.002907058231597648,0.2,0.001,4096,0.0001,True,False
39,0.7705619809705919,3.9366624652891167,5.084466786550729,0.7664365704884556,50,50,0.19047260629902615,0.23336842397829716,-0.042895817679271,-0.18381157548229504,-0.042895817679271,-0.18381157548229504,0.01114666846211032,0.4,0.001,4096,0.001,True,False
17,0.7719257954386632,3.918415967134096,5.069332841611223,0.7656912494198003,48,50,0.16862002959849914,0.23733152656575748,-0.06871149696725834,-0.28951693844273335,-0.06430559591336676,-0.2746774510104187,0.004910581311254436,0.2,0.001,4096,0.01,True,False
15,0.7680717720938991,3.9541444547590783,5.111984489219622,0.7650045046013366,48,50,0.1686847644837961,0.2370835891334574,-0.0683988246496613,-0.2885008823244983,-0.0644846504206604,-0.2746373230725838,0.0038168862919190083,0.2,0.001,4096,0.001,True,False
37,0.7654452407357727,3.979863978107311,5.140848995357228,0.7638919945610493,50,50,0.1911253020010737,0.23591087853405643,-0.044785576532982735,-0.18984108240908198,-0.044785576532982735,-0.18984108240908198,0.006415446018378623,0.4,0.001,4096,0.0001,True,False
45,0.7592782856614604,4.056867109583263,5.207992575029148,0.7587687716157431,49,50,0.2029599441922814,0.24117723842823838,-0.03821729423595699,-0.15846144721210265,-0.0370441042423294,-0.15369095468562227,0.006814681477399387,0.4,0.001,8192,0.001,True,False
47,0.7622061093048135,4.035929862523726,5.1762240817143015,0.7582571866002752,49,50,0.20248913949157774,0.24300078482207266,-0.04051164533049492,-0.16671405139764428,-0.038546198735805115,-0.1595845072049387,0.009085555916579557,0.4,0.001,8192,0.01,True,False
23,0.7637461121764582,3.994528120609148,5.159435702499568,0.7574197336838717,49,50,0.17890788847813263,0.2458066096270416,-0.06689872114890896,-0.2721599767004366,-0.06126345179407394,-0.25276021852906816,0.0012908589438889173,0.2,0.001,8192,0.01,True,False
43,0.7588067127784353,4.069274330113312,5.21309129754924,0.7566237181877862,49,50,0.20261931881124084,0.24607152429374501,-0.04345220548250417,-0.17658364009089328,-0.04009307146487742,-0.16487462464409616,0.0016710402643935751,0.4,0.001,8192,0.0001,True,False
19,0.7586516798508683,4.044203424858454,5.214766449838548,0.7558920267624816,50,50,0.18190072975241922,0.24390416936243484,-0.062003439610015615,-0.2542122989208939,-0.062003439610015615,-0.2542122989208939,0.004841875661043549,0.2,0.001,8192,0.0001,True,False
21,0.7605565215453385,4.0388450338544315,5.194146911373213,0.7557073108243917,50,50,0.18274815099507905,0.24408873103037548,-0.06134058003529644,-0.2513044325166447,-0.06134058003529644,-0.2513044325166447,0.007454845308384139,0.2,0.001,8192,0.001,True,False
14,0.7296528398364943,4.258335257299415,5.519168185788448,0.7241009673101888,48,50,0.2388415333724837,0.27582679846942826,-0.03698526509694455,-0.13408872996451748,-0.03245370843883655,-0.11772721888021087,0.00861401714786969,0.2,0.001,4096,0.0001,False,False
40,0.7287509442822935,4.251722952279152,5.528366670921394,0.723529500495856,48,50,0.24905977403273405,0.27795185874772554,-0.028892084714991495,-0.10394636267287749,-0.02837719602119751,-0.10272672237621328,0.0035882263858771912,0.4,0.001,4096,0.001,False,False
38,0.729107343632889,4.264140486364259,5.52473356348527,0.7231561736265859,48,50,0.25421449913614763,0.27685020303109004,-0.022635703894942405,-0.08176155786456273,-0.025440568045096035,-0.09197180264473531,0.0057718119337984986,0.4,0.001,4096,0.0001,False,False
18,0.7275015767416304,4.272356749347201,5.5410838152931525,0.7227697418994449,47,50,0.23982104878857588,0.27709202832137864,-0.037270979532802756,-0.13450758492977968,-0.033639564288548085,-0.12144299970000128,0.009167363555406038,0.2,0.001,4096,0.01,False,False
42,0.728839231268083,4.269710489510433,5.527466902716548,0.7225121342892971,50,50,0.25526422980543356,0.27725620033757,-0.021991970532136418,-0.07932003145596152,-0.021991970532136418,-0.07932003145596152,0.008433867280021268,0.4,0.001,4096,0.01,False,False
16,0.7299978046049316,4.27586407235573,5.515645814192223,0.722114777609578,48,50,0.23936139307871074,0.27801713336005535,-0.03865574028134461,-0.1390408562744304,-0.03698003964585683,-0.1331878652587445,0.004514974156843987,0.2,0.001,4096,0.001,False,False
44,0.7086283688886136,4.446740846542191,5.729758996195013,0.703494656951348,50,50,0.28472641952169847,0.29625779004590735,-0.011531370524208884,-0.03892343395399666,-0.011531370524208884,-0.03892343395399666,0.009175146562746983,0.4,0.001,8192,0.0001,False,False
48,0.7053624362689385,4.456490736341203,5.7617814358683885,0.7022584811111598,50,50,0.28517951207714515,0.2974929351991798,-0.01231342312203465,-0.041390640466102066,-0.01231342312203465,-0.041390640466102066,0.0076855655298251335,0.4,0.001,8192,0.01,False,False
46,0.7057214235450309,4.457959741355643,5.758270280299706,0.7017587651088595,50,50,0.2867997946267234,0.29799223569072675,-0.011192441064003356,-0.03755950566315931,-0.011192441064003356,-0.03755950566315931,0.009356531361028875,0.4,0.001,8192,0.001,False,False
22,0.7045065725515431,4.464856859461965,5.770143783995178,0.6972863504528422,48,50,0.2761243336450839,0.31469093634321044,-0.03856660269812656,-0.12255390366904238,-0.02166535517635143,-0.07163026052598279,0.0012857225522555638,0.2,0.001,8192,0.001,False,False
24,0.7008620383298139,4.493624122423424,5.805618414547599,0.695670923167854,46,50,0.2773034164287751,0.3117551065245616,-0.034451690095786525,-0.11050882367205828,-0.0227122795381412,-0.07469302152218327,0.0015832971944987895,0.2,0.001,8192,0.01,False,False
20,0.7023957171975923,4.486590747977621,5.790716601,0.694635476523493,46,50,0.27766219618292093,0.3055181309452221,-0.027855934762301193,-0.09117604469534943,-0.0246715823807529,-0.08086138049496641,0.011600979724559646,0.2,0.001,8192,0.0001,False,False
3,0.6944833241676172,4.561134385294514,5.8671904078950226,0.688048201311509,50,50,0.2891372349416587,0.31169136172858775,-0.02255412678692903,-0.0723604486882397,-0.02255412678692903,-0.0723604486882397,0.013104503493858721,0.2,0.0001,4096,0.001,True,False
5,0.6944689849288546,4.563276185502283,5.867328092780403,0.687956119593138,50,50,0.28900170866505587,0.31178334606231,-0.02278163739725414,-0.07306880782753938,-0.02278163739725414,-0.07306880782753938,0.013066098068656218,0.2,0.0001,4096,0.01,True,False
1,0.6942752906673384,4.565500873625497,5.869187622033432,0.6878957659691723,50,50,0.2890535103615865,0.31184366659144314,-0.02279015622985664,-0.07308199162407486,-0.02279015622985664,-0.07308199162407486,0.012537011998447367,0.2,0.0001,4096,0.0001,True,False
25,0.686376346570295,4.614979847976684,5.944524583254197,0.6806908316841817,50,50,0.3189273067551334,0.31904257174191974,-0.00011526498678632313,-0.0003612840322750514,-0.00011526498678632313,-0.0003612840322750514,0.014365595898026218,0.4,0.0001,4096,0.0001,True,False
29,0.6859094428815016,4.6218769298154045,5.9489478596679914,0.6801022633540912,50,50,0.31977081641342503,0.3196306450597849,0.00014017135364013944,0.0004385416599022327,0.00014017135364013944,0.0004385416599022327,0.013838841453209683,0.4,0.0001,4096,0.01,True,False
27,0.68598727820407,4.621548672556053,5.948210704482586,0.6800462921702702,50,50,0.31970277914325973,0.31968658439607883,1.619474718089764e-05,5.065820078590786e-05,1.619474718089764e-05,5.065820078590786e-05,0.013656542081246226,0.4,0.0001,4096,0.001,True,False
7,0.6638516074784708,4.788640342385009,6.154294037474265,0.6559092427639264,50,50,0.3355461018970488,0.34380347667581623,-0.008257374778767423,-0.02401771750130839,-0.008257374778767423,-0.02401771750130839,0.013446577953229122,0.2,0.0001,8192,0.0001,True,False
11,0.6633810679758421,4.794061956221842,6.1585999122486275,0.6554220871054526,50,50,0.33699505392034723,0.34429023150401056,-0.007295177583663326,-0.021189034471860543,-0.007295177583663326,-0.021189034471860543,0.0138867163018761,0.2,0.0001,8192,0.01,True,False
9,0.6634398694082604,4.793664440134564,6.158061988979764,0.6554113993583905,50,50,0.3369808227740631,0.34430089384345974,-0.007320071069396639,-0.02126067983060419,-0.007320071069396639,-0.02126067983060419,0.013871629958754239,0.2,0.0001,8192,0.001,True,False
31,0.6550922864353073,4.861638196838989,6.233962365686631,0.6475689478476017,50,50,0.3628216934517972,0.3521368174344901,0.01068487601730711,0.030342967529360585,0.01068487601730711,0.030342967529360585,0.013438940203820637,0.4,0.0001,8192,0.0001,True,False
35,0.6549875703045871,4.857929434392655,6.234908628776109,0.6470648499650093,50,50,0.363691369779512,0.35264047632281414,0.011050893456697852,0.03133756388923897,0.011050893456697852,0.03133756388923897,0.013697219660528615,0.4,0.0001,8192,0.01,True,False
33,0.6549097918318845,4.859968241551759,6.235611377867177,0.646997604496967,50,50,0.36374623437996584,0.3527076693932139,0.011038564986751931,0.03129664009218256,0.011038564986751931,0.03129664009218256,0.013656084969924542,0.4,0.0001,8192,0.001,True,False
4,0.6476617405233751,4.90438883941949,6.300755466402056,0.6435529135055755,50,50,0.35586570041029625,0.356149485144382,-0.0002837847340857458,-0.0007968135457803631,-0.0002837847340857458,-0.0007968135457803631,0.01057064120366924,0.2,0.0001,4096,0.001,False,False
6,0.6476085378016991,4.904226292024049,6.301231152304732,0.6434820149933314,50,50,0.3559638753865699,0.3562203266705214,-0.00025645128395151984,-0.0007199232181624468,-0.00025645128395151984,-0.0007199232181624468,0.010637756597661197,0.2,0.0001,4096,0.01,False,False
2,0.64776104431162,4.903552165145201,6.2998674944569375,0.6432902794501087,50,50,0.3559054447092863,0.356411900153439,-0.0005064554441526758,-0.0014209835416119428,-0.0005064554441526758,-0.0014209835416119428,0.010413866564009222,0.2,0.0001,4096,0.0001,False,False
28,0.6475888841990793,4.91109013173265,6.301406866219065,0.6427998696370407,50,50,0.3682155670779876,0.3569019022232506,0.011313664854737004,0.03169964851479004,0.011313664854737004,0.03169964851479004,0.011659956289770568,0.4,0.0001,4096,0.001,False,False
26,0.6475814811498519,4.911041221108672,6.301473052241801,0.6425596301427486,50,50,0.3683632487401725,0.3571419472433805,0.011221301496792013,0.031419724239631436,0.011221301496792013,0.031419724239631436,0.011659173254168986,0.4,0.0001,4096,0.0001,False,False
30,0.6472017186643282,4.914804278482699,6.3048673385846605,0.6418860032721082,50,50,0.3694094495864719,0.3578150086412037,0.011594440945268236,0.03240345056876715,0.011594440945268236,0.03240345056876715,0.01157947015900851,0.4,0.0001,4096,0.01,False,False
8,0.6171617956376365,5.158816599315893,6.567806631530355,0.6128322282799361,50,50,0.39326359044220754,0.3868445236753755,0.006419066766832071,0.016593402191260424,0.006419066766832071,0.016593402191260424,0.013605495709503979,0.2,0.0001,8192,0.0001,False,False
10,0.6152627832520929,5.174305843567457,6.584075798806793,0.6103351297926124,50,50,0.3956584842276936,0.3893395390343689,0.00631894519332471,0.016229908755213546,0.00631894519332471,0.016229908755213546,0.013652820833061297,0.2,0.0001,8192,0.001,False,False
12,0.6152195603473295,5.174906618244662,6.584445629013588,0.6103216910986495,50,50,0.3957271697247112,0.38935295550843785,0.006374214216273377,0.016371300451410695,0.006374214216273377,0.016371300451410695,0.013882910837922813,0.2,0.0001,8192,0.01,False,False
36,0.6137291038122035,5.188461598854687,6.597185809959636,0.6086268080408286,50,50,0.40649133122993214,0.3910464426472226,0.015444888582709537,0.03949630248047785,0.015444888582709537,0.03949630248047785,0.014421872383908463,0.4,0.0001,8192,0.01,False,False
34,0.6136122658545463,5.189576153338427,6.5981834821184036,0.6084711823564735,50,50,0.40672258949204926,0.39120192802078085,0.015520661471268404,0.039674296979548475,0.015520661471268404,0.039674296979548475,0.014376044382286346,0.4,0.0001,8192,0.001,False,False
32,0.6134363860598422,5.1921389438907735,6.599685024511255,0.6082619632576459,50,50,0.4070637542321581,0.3914109904608356,0.01565276377132252,0.0399906087279088,0.01565276377132252,0.0399906087279088,0.014182016408369691,0.4,0.0001,8192,0.0001,False,False
