combination_id,test_r2,test_mae,test_rmse,val_r2,best_epoch,total_epochs,learning_rate,batch_size,is_best
10,0.9208366118319821,1.3590524591694502,1.847334661153039,0.9221469486632077,44,50,0.005,1024,True
9,0.9201965772904082,1.361144040448139,1.8547874609697517,0.9217217383156189,38,48,0.005,512,False
5,0.9146700845329951,1.4385754295793605,1.917935729595931,0.9174059458746741,47,50,0.001,512,False
6,0.9048365107996514,1.518166187979182,2.025436213831651,0.9092536366675996,49,50,0.001,1024,False
11,0.9033378907692547,1.52788037275638,2.0413220456288785,0.905797716401118,41,50,0.005,2048,False
12,0.8908698776498921,1.626104445774719,2.1689808275768887,0.8941605256952647,48,50,0.005,4096,False
7,0.8883748012716857,1.6750926063412699,2.1936357467880785,0.8920439046318958,50,50,0.001,2048,False
8,0.8698010519107888,1.8067403710924954,2.369120386115135,0.8720554000519996,50,50,0.001,4096,False
1,0.8516764933501014,1.938072507040191,2.528648038763091,0.8555670423492463,50,50,0.0001,512,False
2,0.808885260654103,2.200453814445413,2.870321098437123,0.8149478120899833,50,50,0.0001,1024,False
3,0.7671732313455495,2.4644388223876232,3.1681070465245322,0.7735868356127387,50,50,0.0001,2048,False
4,0.6845571189616633,2.8782824433221648,3.687599584779854,0.6905574168975033,50,50,0.0001,4096,False
