combination_id,test_r2,test_mae,test_rmse,val_r2,best_epoch,total_epochs,hidden_dim,num_layers,dropout,latent_dim,learning_rate,batch_size,beta_kl,gamma_score,is_best
160,0.9667523072765113,0.8501468349989194,1.1971929429396855,0.9680809692416855,49,50,512,3,0.0,64,0.001,256,1.0,2.0,True
136,0.9664378674922952,0.850923877562031,1.2028408418977483,0.9666355715563794,50,50,512,2,0.1,64,0.001,256,1.0,2.0,False
112,0.9658733409898672,0.8655731455592462,1.2129147532611997,0.9664788048184972,50,50,512,2,0.0,64,0.001,256,1.0,2.0,False
182,0.9653480834103049,0.8492973688032722,1.222213347563845,0.9663308428762996,48,50,512,3,0.1,64,0.001,256,0.1,2.0,False
110,0.9684493382965862,0.8252588741684027,1.1662391815294364,0.9658945889291352,48,50,512,2,0.0,64,0.001,256,0.1,2.0,False
184,0.9664435727082719,0.8572244018220395,1.2027386022911188,0.9658461013600084,48,50,512,3,0.1,64,0.001,256,1.0,2.0,False
134,0.9663868184277234,0.8494657722378363,1.2037552737833868,0.9657493774395942,38,48,512,2,0.1,64,0.001,256,0.1,2.0,False
109,0.9630101737946389,0.9126121889992759,1.2627708194100866,0.9654658062822744,50,50,512,2,0.0,64,0.001,256,0.1,1.0,False
158,0.9632107398614991,0.8674653308090661,1.2593426709836069,0.9647626287292463,50,50,512,3,0.0,64,0.001,256,0.1,2.0,False
188,0.964630639609282,0.8736591085394808,1.234801064485502,0.9637924189754828,49,50,512,3,0.1,64,0.001,512,1.0,2.0,False
86,0.9648342926328426,0.8666906314157743,1.2312410057342325,0.9634967662078592,47,50,256,3,0.1,64,0.001,256,0.1,2.0,False
88,0.9642609592585161,0.8889119422119985,1.2412373569811503,0.9633826592670003,50,50,256,3,0.1,64,0.001,256,1.0,2.0,False
62,0.9612810964531239,0.908197654840464,1.2919476528136071,0.9630441712749991,45,50,256,3,0.0,64,0.001,256,0.1,2.0,False
116,0.9624210739883434,0.9257188083781739,1.2727865405522998,0.9623379004037754,50,50,512,2,0.0,64,0.001,512,1.0,2.0,False
38,0.9628609910516153,0.9068591598450141,1.2653146818001768,0.9622726841687754,48,50,256,2,0.1,64,0.001,256,0.1,2.0,False
64,0.9638789542184133,0.8877828832240171,1.2478533517543755,0.9621664400477732,49,50,256,3,0.0,64,0.001,256,1.0,2.0,False
14,0.9598452605179276,0.9305442124936011,1.3156846213957858,0.9619454302782515,50,50,256,2,0.0,64,0.001,256,0.1,2.0,False
140,0.964473525356041,0.9014155495316729,1.237540580763787,0.9616169120293505,47,50,512,2,0.1,64,0.001,512,1.0,2.0,False
133,0.9607241061779441,0.9341858912188039,1.3012071191791976,0.9613368299954846,49,50,512,2,0.1,64,0.001,256,0.1,1.0,False
114,0.9622792372936163,0.9061261834275881,1.2751862607045454,0.96124465493158,47,50,512,2,0.0,64,0.001,512,0.1,2.0,False
16,0.9592118174562304,0.9354868669166695,1.3260215106499837,0.9610055429496577,50,50,256,2,0.0,64,0.001,256,1.0,2.0,False
164,0.9625479653468639,0.895281694533581,1.2706358380368437,0.9609512749801247,50,50,512,3,0.0,64,0.001,512,1.0,2.0,False
183,0.9613001098280853,0.955656293893269,1.2916304007830837,0.9605124613854393,49,50,512,3,0.1,64,0.001,256,1.0,1.0,False
40,0.9609093983792871,0.9330078943821558,1.2981341328661888,0.9600876968912389,50,50,256,2,0.1,64,0.001,256,1.0,2.0,False
186,0.9616272377998398,0.8968099430758099,1.2861597763514299,0.9600387858747035,50,50,512,3,0.1,64,0.001,512,0.1,2.0,False
113,0.9593140193583529,0.959364802511418,1.3243591796491792,0.9600381214652324,50,50,512,2,0.0,64,0.001,512,0.1,1.0,False
138,0.9618636478732691,0.9154670227603332,1.2821917156863745,0.9597579805499916,50,50,512,2,0.1,64,0.001,512,0.1,2.0,False
162,0.9590221261192051,0.915726615176369,1.3291013613071363,0.959390588105261,38,48,512,3,0.0,64,0.001,512,0.1,2.0,False
137,0.9605627355069171,0.943047756509039,1.3038774776057847,0.9593422121270648,50,50,512,2,0.1,64,0.001,512,0.1,1.0,False
157,0.9611434421890592,0.9352182233944186,1.2942421950195977,0.9591059840832238,47,50,512,3,0.0,64,0.001,256,0.1,1.0,False
181,0.9600251463243702,0.9306201965092418,1.312734301578143,0.9590934488122277,49,50,512,3,0.1,64,0.001,256,0.1,1.0,False
161,0.9582073947524742,0.9585617575460125,1.3422490785784693,0.9584300812722619,50,50,512,3,0.0,64,0.001,512,0.1,1.0,False
13,0.9591262828773561,0.9749481244019785,1.3274111446648666,0.9583430277692174,50,50,256,2,0.0,64,0.001,256,0.1,1.0,False
61,0.9568621216236506,0.980705137568563,1.3636809791001254,0.9582139743624982,47,50,256,3,0.0,64,0.001,256,0.1,1.0,False
159,0.9577810836490257,0.9832625651785892,1.3490776052649456,0.9580069839602016,49,50,512,3,0.0,64,0.001,256,1.0,1.0,False
111,0.9578387918661007,0.9921051002285698,1.3481552759856046,0.9576997626378678,50,50,512,2,0.0,64,0.001,256,1.0,1.0,False
135,0.9562259242765376,1.0257627774384788,1.3736999565626378,0.9576417373278358,42,50,512,2,0.1,64,0.001,256,1.0,1.0,False
187,0.9558542101097209,1.0264056928536252,1.379520117182879,0.956411272124278,46,50,512,3,0.1,64,0.001,512,1.0,1.0,False
185,0.9556330677272954,0.9874466820547743,1.382971060837905,0.9562920553811349,50,50,512,3,0.1,64,0.001,512,0.1,1.0,False
85,0.9543149366155086,0.9962497277835246,1.4033645701864734,0.9562725050128664,48,50,256,3,0.1,64,0.001,256,0.1,1.0,False
139,0.9568137304783066,1.004239679218923,1.3644456387305177,0.9561403711858002,48,50,512,2,0.1,64,0.001,512,1.0,1.0,False
37,0.9543713963572243,1.004605879453573,1.4024971302555456,0.9559602934169883,47,50,256,2,0.1,64,0.001,256,0.1,1.0,False
166,0.9552440186818194,0.9670113318470609,1.3890213912851155,0.955120104086378,48,50,512,3,0.0,64,0.001,1024,0.1,2.0,False
192,0.9555572757368933,1.0136803386756357,1.384151820888452,0.9551034659080403,49,50,512,3,0.1,64,0.001,1024,1.0,2.0,False
44,0.9544506679654896,1.000594790789478,1.4012783056113713,0.955090746641532,50,50,256,2,0.1,64,0.001,512,1.0,2.0,False
118,0.954739026706585,0.998003476163053,1.396835733412359,0.9548651638191371,48,50,512,2,0.0,64,0.001,1024,0.1,2.0,False
168,0.9545387986436397,0.9970535122281206,1.3999220244568782,0.9546802307526568,46,50,512,3,0.0,64,0.001,1024,1.0,2.0,False
63,0.9551537026042667,1.0107666602649372,1.3904221843726168,0.9544982057246695,50,50,256,3,0.0,64,0.001,256,1.0,1.0,False
90,0.9548096832658451,0.9655395020403921,1.3957450127768538,0.9544005077171631,48,50,256,3,0.1,64,0.001,512,0.1,2.0,False
68,0.9540252465318962,0.9924669163365349,1.4078069232621284,0.954066031370834,47,50,256,3,0.0,64,0.001,512,1.0,2.0,False
163,0.955798381723983,1.0009440924646333,1.3803921374522614,0.9539332843566051,47,50,512,3,0.0,64,0.001,512,1.0,1.0,False
92,0.9562783428162889,0.9966571628694688,1.3728772217095533,0.9535389188781701,50,50,256,3,0.1,64,0.001,512,1.0,2.0,False
115,0.955235958891626,1.0322239580599997,1.3891464552060298,0.9535191016763346,49,50,512,2,0.0,64,0.001,512,1.0,1.0,False
144,0.9520182901463018,1.0328985847111425,1.4382065164759308,0.9533633598376952,49,50,512,2,0.1,64,0.001,1024,1.0,2.0,False
87,0.952065438247969,1.0414755005306044,1.437499732858673,0.9532659410680521,49,50,256,3,0.1,64,0.001,256,1.0,1.0,False
42,0.9522303221297461,1.025077724847286,1.4350252686861,0.9531658842876186,50,50,256,2,0.1,64,0.001,512,0.1,2.0,False
39,0.9499323067132608,1.0733600383367001,1.4691366181321532,0.9527707692518598,47,50,256,2,0.1,64,0.001,256,1.0,1.0,False
18,0.9553040648333135,0.9872823867024512,1.388089299304412,0.9527088682944531,50,50,256,2,0.0,64,0.001,512,0.1,2.0,False
20,0.9509121893078573,1.0341036596494844,1.454689230463934,0.9522831785788647,49,50,256,2,0.0,64,0.001,512,1.0,2.0,False
190,0.9524676826573868,1.0026105400073524,1.4314556137782553,0.9520896437201886,48,50,512,3,0.1,64,0.001,1024,0.1,2.0,False
142,0.9520794946432933,1.029507201583735,1.4372889502279815,0.9517551885104593,48,50,512,2,0.1,64,0.001,1024,0.1,2.0,False
15,0.9507334825425234,1.0649341019571463,1.4573347613086,0.9515279224880335,44,50,256,2,0.0,64,0.001,256,1.0,1.0,False
120,0.9532279487117165,1.0261443133285517,1.4199616025646111,0.9513450664907233,47,50,512,2,0.0,64,0.001,1024,1.0,2.0,False
89,0.9518748904962966,1.0318727937432446,1.4403540477850614,0.950916695211315,50,50,256,3,0.1,64,0.001,512,0.1,1.0,False
66,0.9513563005609986,0.9983804076096873,1.4480937872076691,0.9508734514495686,49,50,256,3,0.0,64,0.001,512,0.1,2.0,False
165,0.9504041441762238,1.0341550212612685,1.462197666556769,0.9503776589997162,47,50,512,3,0.0,64,0.001,1024,0.1,1.0,False
67,0.9500289292614743,1.074644622150981,1.4677183355378942,0.9491183094442774,50,50,256,3,0.0,64,0.001,512,1.0,1.0,False
167,0.9489835411077678,1.097283024692879,1.4829911090627803,0.9489687111746408,50,50,512,3,0.0,64,0.001,1024,1.0,1.0,False
65,0.9490808818253085,1.0535662896765048,1.48157564093707,0.9489354432752619,49,50,256,3,0.0,64,0.001,512,0.1,1.0,False
141,0.9489386590788119,1.0595004205120895,1.4836433007154215,0.9484387562987046,50,50,512,2,0.1,64,0.001,1024,0.1,1.0,False
189,0.948887535406682,1.049655206214419,1.4843858421011624,0.9482592209774959,50,50,512,3,0.1,64,0.001,1024,0.1,1.0,False
41,0.9495561817738039,1.0623058113006678,1.4746446111781562,0.9473726191220891,50,50,256,2,0.1,64,0.001,512,0.1,1.0,False
117,0.9491573382647102,1.0736268968039342,1.4804629100417457,0.9472152971379508,47,50,512,2,0.0,64,0.001,1024,0.1,1.0,False
17,0.9462856175155944,1.0926923000232547,1.5216987566039728,0.9469760530201372,49,50,256,2,0.0,64,0.001,512,0.1,1.0,False
143,0.947905474678968,1.1117168841598741,1.4985782831164367,0.9461289536018542,49,50,512,2,0.1,64,0.001,1024,1.0,1.0,False
91,0.9477641584331075,1.0902612444564466,1.5006094949508773,0.9461093689706913,48,50,256,3,0.1,64,0.001,512,1.0,1.0,False
43,0.9460790204639529,1.133761447664281,1.524622338242955,0.9458868927148465,48,50,256,2,0.1,64,0.001,512,1.0,1.0,False
191,0.9487270403523563,1.0869696616483964,1.4867145290795416,0.94580267382786,50,50,512,3,0.1,64,0.001,1024,1.0,1.0,False
119,0.9427993070977663,1.1512075527724912,1.5703050845873825,0.943708452897876,48,50,512,2,0.0,64,0.001,1024,1.0,1.0,False
94,0.9409585294316154,1.1208285731471186,1.5953720350819753,0.9417840741996519,49,50,256,3,0.1,64,0.001,1024,0.1,2.0,False
72,0.9357085306709672,1.2072310502592516,1.6647923354172929,0.9412447298400889,50,50,256,3,0.0,64,0.001,1024,1.0,2.0,False
70,0.9407301421715167,1.1297074696445588,1.5984547069963089,0.9399165814954805,50,50,256,3,0.0,64,0.001,1024,0.1,2.0,False
19,0.9381109363098987,1.20065449697351,1.6333917145197272,0.9389932751928575,49,50,256,2,0.0,64,0.001,512,1.0,1.0,False
96,0.9373357447390708,1.190307361899301,1.6435894064171408,0.938985547519902,49,50,256,3,0.1,64,0.001,1024,1.0,2.0,False
93,0.9379984471655332,1.1797673585257908,1.6348754614905359,0.9365299619987048,50,50,256,3,0.1,64,0.001,1024,0.1,1.0,False
69,0.9352018201081668,1.2078796881428413,1.6713399555886015,0.9341996753121127,48,50,256,3,0.0,64,0.001,1024,0.1,1.0,False
22,0.9346128369438764,1.2275685694195617,1.6789185966858722,0.9334494774287789,48,50,256,2,0.0,64,0.001,1024,0.1,2.0,False
48,0.935478034003735,1.2325429886394235,1.6677739577801063,0.9317966607854614,50,50,256,2,0.1,64,0.001,1024,1.0,2.0,False
71,0.9296199102445182,1.2815923113193939,1.7418401632366252,0.9306484528650009,48,50,256,3,0.0,64,0.001,1024,1.0,1.0,False
95,0.9343373061364861,1.2349618408697836,1.6824522222118936,0.9300795468004897,50,50,256,3,0.1,64,0.001,1024,1.0,1.0,False
46,0.9334888760247193,1.2388385285498582,1.6932868497825848,0.9291874214702543,50,50,256,2,0.1,64,0.001,1024,0.1,2.0,False
24,0.9276506143387343,1.3030926713406559,1.7660411387739927,0.9274310514211277,48,50,256,2,0.0,64,0.001,1024,1.0,2.0,False
23,0.9215753116536612,1.3595997148357288,1.8386954138922915,0.9234343798087823,49,50,256,2,0.0,64,0.001,1024,1.0,1.0,False
45,0.9281699566842911,1.2904735318558231,1.7596911759444087,0.922087093120926,48,50,256,2,0.1,64,0.001,1024,0.1,1.0,False
21,0.9219355676986462,1.3635342477379315,1.8344673856098161,0.9189675257290617,48,50,256,2,0.0,64,0.001,1024,0.1,1.0,False
47,0.9175541877470277,1.4206095581992686,1.885244544023673,0.9164182805471333,48,50,256,2,0.1,64,0.001,1024,1.0,1.0,False
170,0.9107806037174611,1.4122084783574096,1.9611600245174137,0.9087042211104788,49,50,512,3,0.1,64,0.0001,256,0.1,2.0,False
146,0.9026040283892074,1.4777142757317794,2.0490562907073033,0.9014133906510828,50,50,512,3,0.0,64,0.0001,256,0.1,2.0,False
148,0.89724061615629,1.5556228664298668,2.1047190787600822,0.8958319573669778,50,50,512,3,0.0,64,0.0001,256,1.0,2.0,False
172,0.8940671180004351,1.584979419787193,2.136971774657575,0.8934587799719099,50,50,512,3,0.1,64,0.0001,256,1.0,2.0,False
122,0.8909801282672094,1.59495471963307,2.1678849252849437,0.8915673947438335,50,50,512,2,0.1,64,0.0001,256,0.1,2.0,False
169,0.8979813075722721,1.544133469198815,2.0971199345433784,0.8892980925157495,50,50,512,3,0.1,64,0.0001,256,0.1,1.0,False
121,0.8860806691578941,1.645584772503994,2.216063010320034,0.88719022971159,50,50,512,2,0.1,64,0.0001,256,0.1,1.0,False
145,0.8914096346128157,1.5785785330596556,2.1636102952866065,0.8819115637885827,50,50,512,3,0.0,64,0.0001,256,0.1,1.0,False
98,0.8789310857168381,1.6751835450787949,2.284544994495,0.8808834823978693,50,50,512,2,0.0,64,0.0001,256,0.1,2.0,False
171,0.8866475307442325,1.6518177874695226,2.210542579346733,0.8805368369648578,50,50,512,3,0.1,64,0.0001,256,1.0,1.0,False
147,0.8822048868877961,1.6836662842021586,2.2534453433800694,0.8775856593664474,50,50,512,3,0.0,64,0.0001,256,1.0,1.0,False
97,0.8713412234680117,1.7453456684073145,2.3550660980680367,0.8710873311125866,50,50,512,2,0.0,64,0.0001,256,0.1,1.0,False
124,0.8588273986612787,1.8577967089822611,2.4669400790109783,0.8618471470318294,50,50,512,2,0.1,64,0.0001,256,1.0,2.0,False
100,0.8623737630926306,1.8386661388784502,2.435757282463143,0.8611846541650591,50,50,512,2,0.0,64,0.0001,256,1.0,2.0,False
123,0.8428290827995965,1.984418045598433,2.602971936598402,0.8484957207160204,50,50,512,2,0.1,64,0.0001,256,1.0,1.0,False
99,0.8417919417064199,1.9932616400498213,2.6115460743063346,0.8423017070772327,50,50,512,2,0.0,64,0.0001,256,1.0,1.0,False
174,0.8417306532071238,1.9216039402844165,2.6120518710502,0.8405924220716072,50,50,512,3,0.1,64,0.0001,512,0.1,2.0,False
74,0.8373356159920788,1.9421852713393037,2.6480710202621482,0.8397121358988431,50,50,256,3,0.1,64,0.0001,256,0.1,2.0,False
76,0.8378611647716553,1.968095531091535,2.643789762208773,0.8379716846669434,50,50,256,3,0.1,64,0.0001,256,1.0,2.0,False
50,0.8314918873305357,2.003036577623082,2.69521738488107,0.836707636377878,50,50,256,3,0.0,64,0.0001,256,0.1,2.0,False
150,0.8259994056751759,2.030516687853621,2.738790154171734,0.8326924170261509,50,50,512,3,0.0,64,0.0001,512,0.1,2.0,False
73,0.8345461626946621,1.9562247816028837,2.6706797539440683,0.8301155653047089,50,50,256,3,0.1,64,0.0001,256,0.1,1.0,False
176,0.8331610373033189,2.0150234337008466,2.6818354831197313,0.8293175831811908,50,50,512,3,0.1,64,0.0001,512,1.0,2.0,False
52,0.8286494147421792,2.03903001758365,2.717854406333143,0.827767401214153,50,50,256,3,0.0,64,0.0001,256,1.0,2.0,False
152,0.8265774315064578,2.071345436892189,2.734237272044879,0.8249229775665026,50,50,512,3,0.0,64,0.0001,512,1.0,2.0,False
75,0.8218591895141463,2.0689214296910237,2.771182348478675,0.8235507123769685,50,50,256,3,0.1,64,0.0001,256,1.0,1.0,False
173,0.8256626030537332,2.0397211005126614,2.7414395294928333,0.8212321003314351,50,50,512,3,0.1,64,0.0001,512,0.1,1.0,False
51,0.8191762862356458,2.1046308348395906,2.7919721660225463,0.8172120282237201,50,50,256,3,0.0,64,0.0001,256,1.0,1.0,False
175,0.8211790662339805,2.126123988737114,2.7764673533811304,0.8156396625703711,50,50,512,3,0.1,64,0.0001,512,1.0,1.0,False
49,0.8167176242224364,2.0830872936430413,2.8108893169926406,0.8144038711746358,49,50,256,3,0.0,64,0.0001,256,0.1,1.0,False
126,0.8163663381189679,2.100820900800543,2.813581757193802,0.8143400319422355,49,50,512,2,0.1,64,0.0001,512,0.1,2.0,False
149,0.8076796532772459,2.1501850308944968,2.879360275684515,0.8111974107392903,50,50,512,3,0.0,64,0.0001,512,0.1,1.0,False
151,0.8101041526125963,2.184983801562814,2.861153287676554,0.8092636047907913,50,50,512,3,0.0,64,0.0001,512,1.0,1.0,False
102,0.8010771033758399,2.1763367782048895,2.928368856159094,0.8014137230723346,50,50,512,2,0.0,64,0.0001,512,0.1,2.0,False
28,0.8039606676991697,2.1877227364101186,2.907066720357461,0.7999846398823988,50,50,256,2,0.1,64,0.0001,256,1.0,2.0,False
2,0.8007292067386155,2.19664124684857,2.9309284524949417,0.7996049107933187,50,50,256,2,0.0,64,0.0001,256,0.1,2.0,False
125,0.8022674173727291,2.1798096355687036,2.9195943295627798,0.7994475486803927,49,50,512,2,0.1,64,0.0001,512,0.1,1.0,False
26,0.808940464616816,2.146141178903579,2.8699065188409087,0.7991244029768538,50,50,256,2,0.1,64,0.0001,256,0.1,2.0,False
25,0.8018358328589035,2.189427540465362,2.9227788448899448,0.7934453436684962,50,50,256,2,0.1,64,0.0001,256,0.1,1.0,False
101,0.7939533774845888,2.213784819245673,2.9803422678880755,0.7907946827338823,50,50,512,2,0.0,64,0.0001,512,0.1,1.0,False
4,0.7943897901454793,2.2653861883205013,2.9771843696360873,0.7895084881195573,49,50,256,2,0.0,64,0.0001,256,1.0,2.0,False
27,0.7813741812784369,2.3492282738569195,3.069969893830069,0.7841477452617114,49,50,256,2,0.1,64,0.0001,256,1.0,1.0,False
1,0.7845507149981907,2.2926893056144966,3.0475856549182176,0.7775668667764613,50,50,256,2,0.0,64,0.0001,256,0.1,1.0,False
128,0.7795934340200199,2.3782186301512476,3.0824472707177555,0.7774163155289481,50,50,512,2,0.1,64,0.0001,512,1.0,2.0,False
104,0.7728458474388856,2.4019305654454683,3.1292750129622595,0.7769574647065368,49,50,512,2,0.0,64,0.0001,512,1.0,2.0,False
3,0.7767687028123706,2.376581123249216,3.1021367132807725,0.7723143253115379,50,50,256,2,0.0,64,0.0001,256,1.0,1.0,False
78,0.7665719579880508,2.3696799635458428,3.172195214974574,0.7663835516824962,50,50,256,3,0.1,64,0.0001,512,0.1,2.0,False
127,0.7643814426117863,2.4832962526983646,3.1870445801821545,0.7609419109218859,50,50,512,2,0.1,64,0.0001,512,1.0,1.0,False
54,0.7528517798483684,2.4586822972864972,3.2640900807821676,0.7578270326395596,50,50,256,3,0.0,64,0.0001,512,0.1,2.0,False
77,0.7572769941974652,2.4252761407099315,3.2347361564092685,0.7561315846261232,50,50,256,3,0.1,64,0.0001,512,0.1,1.0,False
103,0.744453796200278,2.557678999805204,3.319082970016048,0.7518244280514715,47,50,512,2,0.0,64,0.0001,512,1.0,1.0,False
80,0.7483847119219635,2.5219225779828727,3.2934562954996265,0.7457531760657654,49,50,256,3,0.1,64,0.0001,512,1.0,2.0,False
53,0.7368062447609973,2.5604158327139506,3.3683807939262134,0.7415739656431621,50,50,256,3,0.0,64,0.0001,512,0.1,1.0,False
56,0.7370431243603961,2.577546160271826,3.3668646479507673,0.7388338077863779,50,50,256,3,0.0,64,0.0001,512,1.0,2.0,False
79,0.7397112625690271,2.5640820022420776,3.3497398549717494,0.7349643142103433,50,50,256,3,0.1,64,0.0001,512,1.0,1.0,False
180,0.7240269666223393,2.6086692431109317,3.449186802284756,0.7319977297108122,49,50,512,3,0.1,64,0.0001,1024,1.0,2.0,False
178,0.7241336772556323,2.5831364755892574,3.4485198884012616,0.7314935251466446,48,50,512,3,0.1,64,0.0001,1024,0.1,2.0,False
154,0.7231357957676263,2.5983923767425154,3.4547513627500934,0.7308339330395177,48,50,512,3,0.0,64,0.0001,1024,0.1,2.0,False
55,0.7248686650514276,2.6552083436978653,3.4439228964605104,0.7265684195319313,50,50,256,3,0.0,64,0.0001,512,1.0,1.0,False
177,0.7205964546643366,2.6095478067207436,3.470558332679513,0.7251533938304733,48,50,512,3,0.1,64,0.0001,1024,0.1,1.0,False
179,0.713674365967221,2.6823517815622036,3.5132860205331293,0.7244965978933096,49,50,512,3,0.1,64,0.0001,1024,1.0,1.0,False
29,0.7103055863815071,2.7207165827634525,3.533893460738144,0.7168070036525542,49,50,256,2,0.1,64,0.0001,512,0.1,1.0,False
153,0.7086855146596809,2.6833985616114164,3.5437610636787036,0.7152670502705014,48,50,512,3,0.0,64,0.0001,1024,0.1,1.0,False
30,0.7114347304117383,2.703381619971286,3.5269996955433176,0.7150324531996899,49,50,256,2,0.1,64,0.0001,512,0.1,2.0,False
156,0.712686817390189,2.681280475975557,3.5193395374037535,0.7148015758319128,49,50,512,3,0.0,64,0.0001,1024,1.0,2.0,False
32,0.704970541324893,2.738124804457331,3.566285298813451,0.7096665356075809,49,50,256,2,0.1,64,0.0001,512,1.0,2.0,False
155,0.7068339923303519,2.7530674127672286,3.5550048577363214,0.7095749501109769,48,50,512,3,0.0,64,0.0001,1024,1.0,1.0,False
6,0.7100468384690156,2.7431219876490935,3.5354713017785317,0.7067053104403833,49,50,256,2,0.0,64,0.0001,512,0.1,2.0,False
5,0.7076811772175237,2.7427291844606074,3.549864552789457,0.7058923061234561,49,50,256,2,0.0,64,0.0001,512,0.1,1.0,False
129,0.7087359632072051,2.719071829499888,3.5434542039994223,0.7045066055815139,49,50,512,2,0.1,64,0.0001,1024,0.1,1.0,False
31,0.6972742198332238,2.7878939196053967,3.612501995310817,0.7044444904309306,49,50,256,2,0.1,64,0.0001,512,1.0,1.0,False
8,0.7071571803550418,2.7472467094372948,3.5530447876896702,0.70313903563945,49,50,256,2,0.0,64,0.0001,512,1.0,2.0,False
130,0.7059511913638962,2.7427426033799263,3.5603533677644554,0.701970464929796,50,50,512,2,0.1,64,0.0001,1024,0.1,2.0,False
106,0.6975290673943753,2.7940998663756136,3.6109810955013253,0.7012975875976395,50,50,512,2,0.0,64,0.0001,1024,0.1,2.0,False
105,0.6917134622570481,2.8041746814108968,3.645529964453203,0.6941546770641607,50,50,512,2,0.0,64,0.0001,1024,0.1,1.0,False
7,0.6994470696532888,2.7806973766860765,3.599514069202129,0.6924432779188395,49,50,256,2,0.0,64,0.0001,512,1.0,1.0,False
132,0.7007821547730809,2.774762401991538,3.5915104767037898,0.6883199680238926,50,50,512,2,0.1,64,0.0001,1024,1.0,2.0,False
107,0.6838229740778358,2.868566652449472,3.6918882519123,0.6858309100570334,50,50,512,2,0.0,64,0.0001,1024,1.0,1.0,False
131,0.6930629515090179,2.8305404592648578,3.6375422671834428,0.6817884338216909,50,50,512,2,0.1,64,0.0001,1024,1.0,1.0,False
108,0.6762100598847194,2.883200265308399,3.736070543044819,0.6804418688384078,50,50,512,2,0.0,64,0.0001,1024,1.0,2.0,False
58,0.6390320761952348,3.055780825070183,3.9447337684811377,0.6405306955956767,50,50,256,3,0.0,64,0.0001,1024,0.1,2.0,False
82,0.6412339581674248,3.037023730968684,3.9326840489371393,0.6391742873036038,49,50,256,3,0.1,64,0.0001,1024,0.1,2.0,False
81,0.6384470654419085,3.031670394010233,3.9479290349677085,0.6387626891166449,50,50,256,3,0.1,64,0.0001,1024,0.1,1.0,False
57,0.6320825784763717,3.0805123856569265,3.982525530123832,0.6336632546504459,50,50,256,3,0.0,64,0.0001,1024,0.1,1.0,False
84,0.6252770735642117,3.117801225826986,4.019189883884601,0.62074997836618,50,50,256,3,0.1,64,0.0001,1024,1.0,2.0,False
60,0.6171715918497869,3.1813368703767044,4.062426072811822,0.6149993363397308,50,50,256,3,0.0,64,0.0001,1024,1.0,2.0,False
83,0.6177003991313493,3.1537274507800075,4.059619354703531,0.6132694687501257,50,50,256,3,0.1,64,0.0001,1024,1.0,1.0,False
59,0.6139007132249132,3.1893711603809125,4.079743806372009,0.6132341275909539,50,50,256,3,0.0,64,0.0001,1024,1.0,1.0,False
9,0.6129214782900501,3.176621118731051,4.0849141057372576,0.6123470409622016,49,50,256,2,0.0,64,0.0001,1024,0.1,1.0,False
36,0.6094462785455521,3.180313562576773,4.103210357189816,0.6106119245100073,50,50,256,2,0.1,64,0.0001,1024,1.0,2.0,False
33,0.6058068306882965,3.2053198373900678,4.1222842905792305,0.6085314355322022,49,50,256,2,0.1,64,0.0001,1024,0.1,1.0,False
10,0.6011237955346999,3.2410533644756296,4.146698469083081,0.6055292772522698,49,50,256,2,0.0,64,0.0001,1024,0.1,2.0,False
34,0.6014572046487776,3.2127880323944313,4.144965053958218,0.6004226568735218,50,50,256,2,0.1,64,0.0001,1024,0.1,2.0,False
35,0.5965715220383876,3.245716097799295,4.1702939495275455,0.5974058605111556,50,50,256,2,0.1,64,0.0001,1024,1.0,1.0,False
12,0.5843254201793305,3.2919141851005103,4.23311556835166,0.5908149670849454,50,50,256,2,0.0,64,0.0001,1024,1.0,2.0,False
11,0.5776112549358071,3.323758157224207,4.26716622460806,0.582418372067457,50,50,256,2,0.0,64,0.0001,1024,1.0,1.0,False
